,time,type,price
0,2017-06-18 21:01:35,BUY,2514.1
0,2017-06-18 21:03:50,CLOSE,2517.61
0,2017-06-18 21:04:19,BUY,2514.29
0,2017-06-18 21:05:11,CLOSE,2518.19
0,2017-06-18 21:08:04,BUY,2510.81
0,2017-06-18 21:09:27,CLOSE,2513.54
0,2017-06-18 21:09:35,SELL,2514.03
0,2017-06-18 21:19:26,CLOSE,2525.35
0,2017-06-18 21:20:03,SELL,2532.8
0,2017-06-18 21:20:40,CLOSE,2531.71
0,2017-06-18 21:22:30,SELL,2536.74
0,2017-06-18 21:25:27,CLOSE,2535.27
0,2017-06-18 21:30:50,BUY,2540.74
0,2017-06-18 21:48:33,CLOSE,2510.45
0,2017-06-18 21:50:12,SELL,2511.69
0,2017-06-18 21:55:19,CLOSE,2526.38
0,2017-06-18 22:00:41,SELL,2529.0
0,2017-06-18 22:05:40,CLOSE,2534.11
0,2017-06-18 22:08:35,BUY,2533.57
0,2017-06-18 22:18:31,CLOSE,2527.37
0,2017-06-18 22:18:42,SELL,2527.37
0,2017-06-18 22:20:35,CLOSE,2532.84
0,2017-06-18 22:20:49,BUY,2532.15
0,2017-06-18 22:23:16,CLOSE,2535.4
0,2017-06-18 22:25:03,BUY,2527.27
0,2017-06-18 22:30:05,CLOSE,2528.18
0,2017-06-18 22:35:22,SELL,2532.38
0,2017-06-18 22:36:22,CLOSE,2529.71
0,2017-06-18 22:36:23,SELL,2534.45
0,2017-06-18 22:36:38,CLOSE,2529.71
0,2017-06-18 22:41:04,BUY,2528.25
0,2017-06-18 22:44:29,CLOSE,2527.33
0,2017-06-18 22:45:44,BUY,2521.89
0,2017-06-18 22:48:09,CLOSE,2509.51
0,2017-06-18 22:50:12,BUY,2503.93
0,2017-06-18 22:51:06,CLOSE,2507.64
0,2017-06-18 22:54:06,SELL,2506.31
0,2017-06-18 22:54:08,CLOSE,2500.19
0,2017-06-18 22:54:39,SELL,2509.08
0,2017-06-18 22:58:37,CLOSE,2511.0
0,2017-06-18 23:04:13,SELL,2514.65
0,2017-06-18 23:07:20,CLOSE,2511.34
0,2017-06-18 23:13:26,SELL,2516.88
0,2017-06-18 23:14:46,CLOSE,2518.6
0,2017-06-18 23:17:21,SELL,2525.0
0,2017-06-18 23:21:59,CLOSE,2525.43
0,2017-06-18 23:22:56,BUY,2523.53
0,2017-06-18 23:27:26,CLOSE,2523.65
0,2017-06-18 23:28:04,SELL,2526.01
0,2017-06-18 23:38:36,CLOSE,2538.16
0,2017-06-18 23:38:46,SELL,2544.98
0,2017-06-18 23:39:24,CLOSE,2539.62
0,2017-06-18 23:41:05,BUY,2540.0
0,2017-06-18 23:43:27,CLOSE,2544.97
0,2017-06-18 23:43:35,SELL,2544.99
0,2017-06-18 23:45:57,CLOSE,2546.59
0,2017-06-18 23:49:42,BUY,2542.0
0,2017-06-18 23:51:26,CLOSE,2546.0
0,2017-06-18 23:51:36,SELL,2547.32
0,2017-06-18 23:52:16,CLOSE,2542.02
0,2017-06-18 23:56:06,SELL,2543.72
0,2017-06-18 23:57:05,CLOSE,2540.9
0,2017-06-18 23:57:06,BUY,2541.24
0,2017-06-18 23:57:15,CLOSE,2546.05
0,2017-06-18 23:57:44,SELL,2549.0
0,2017-06-18 23:59:06,CLOSE,2546.71
0,2017-06-19 00:04:05,SELL,2556.0
0,2017-06-19 00:07:14,CLOSE,2556.67
0,2017-06-19 00:08:28,BUY,2556.35
0,2017-06-19 00:14:06,CLOSE,2559.78
0,2017-06-19 00:14:12,SELL,2561.63
0,2017-06-19 00:16:09,CLOSE,2560.92
0,2017-06-19 00:17:51,SELL,2563.87
0,2017-06-19 00:18:03,CLOSE,2559.48
0,2017-06-19 00:18:19,SELL,2564.54
0,2017-06-19 00:18:36,CLOSE,2559.45
0,2017-06-19 00:19:56,SELL,2567.39
0,2017-06-19 00:20:34,CLOSE,2559.0
0,2017-06-19 00:27:15,SELL,2563.05
0,2017-06-19 00:27:30,CLOSE,2560.23
0,2017-06-19 00:30:59,SELL,2564.38
0,2017-06-19 00:32:04,CLOSE,2560.34
0,2017-06-19 00:33:16,BUY,2560.13
0,2017-06-19 00:34:43,CLOSE,2563.45
0,2017-06-19 00:36:29,SELL,2566.98
0,2017-06-19 00:36:42,CLOSE,2562.32
0,2017-06-19 00:38:25,SELL,2565.83
0,2017-06-19 00:39:21,CLOSE,2562.36
0,2017-06-19 00:43:41,BUY,2560.0
0,2017-06-19 00:44:31,CLOSE,2562.77
0,2017-06-19 00:47:41,BUY,2557.58
0,2017-06-19 00:52:32,CLOSE,2557.16
0,2017-06-19 00:52:36,SELL,2557.75
0,2017-06-19 01:05:19,CLOSE,2559.11
0,2017-06-19 01:07:17,SELL,2561.09
0,2017-06-19 01:08:55,CLOSE,2559.58
0,2017-06-19 01:10:35,BUY,2558.66
0,2017-06-19 01:17:39,CLOSE,2554.39
0,2017-06-19 01:18:13,SELL,2555.06
0,2017-06-19 01:31:44,CLOSE,2557.44
0,2017-06-19 01:32:16,BUY,2557.14
0,2017-06-19 01:38:09,CLOSE,2557.14
0,2017-06-19 01:38:20,SELL,2557.29
0,2017-06-19 01:50:35,CLOSE,2558.14
0,2017-06-19 01:50:37,BUY,2558.17
0,2017-06-19 01:52:26,CLOSE,2564.45
0,2017-06-19 01:52:39,SELL,2564.36
0,2017-06-19 01:54:51,CLOSE,2561.9
0,2017-06-19 01:56:32,BUY,2561.9
0,2017-06-19 02:05:26,CLOSE,2562.5
0,2017-06-19 02:08:03,SELL,2564.23
0,2017-06-19 02:27:21,CLOSE,2573.24
0,2017-06-19 02:27:22,BUY,2572.3
0,2017-06-19 02:45:32,CLOSE,2566.11
0,2017-06-19 02:48:43,SELL,2568.49
0,2017-06-19 02:53:14,CLOSE,2568.22
0,2017-06-19 02:53:30,BUY,2568.38
0,2017-06-19 02:57:19,CLOSE,2568.24
0,2017-06-19 02:57:27,SELL,2569.61
0,2017-06-19 03:00:49,CLOSE,2570.86
0,2017-06-19 03:01:22,BUY,2564.91
0,2017-06-19 03:05:34,CLOSE,2565.95
0,2017-06-19 03:05:49,SELL,2566.68
0,2017-06-19 03:09:45,CLOSE,2564.21
0,2017-06-19 03:11:51,SELL,2568.89
0,2017-06-19 03:13:50,CLOSE,2566.72
0,2017-06-19 03:22:24,BUY,2566.61
0,2017-06-19 03:22:33,CLOSE,2569.0
0,2017-06-19 03:22:37,SELL,2572.0
0,2017-06-19 03:23:54,CLOSE,2566.58
0,2017-06-19 03:27:06,BUY,2564.21
0,2017-06-19 03:29:40,CLOSE,2564.62
0,2017-06-19 03:29:52,SELL,2565.88
0,2017-06-19 03:32:27,CLOSE,2560.93
0,2017-06-19 03:32:52,BUY,2560.28
0,2017-06-19 03:33:50,CLOSE,2565.91
0,2017-06-19 03:35:02,BUY,2556.58
0,2017-06-19 03:36:09,CLOSE,2559.77
0,2017-06-19 03:37:54,BUY,2555.12
0,2017-06-19 03:39:23,CLOSE,2559.04
0,2017-06-19 03:41:31,SELL,2561.8
0,2017-06-19 03:41:34,CLOSE,2558.26
0,2017-06-19 03:41:39,SELL,2562.97
0,2017-06-19 03:41:40,CLOSE,2558.07
0,2017-06-19 03:41:45,SELL,2562.97
0,2017-06-19 03:43:41,CLOSE,2566.83
0,2017-06-19 03:47:03,BUY,2569.71
0,2017-06-19 03:51:32,CLOSE,2572.92
0,2017-06-19 03:55:38,SELL,2575.0
0,2017-06-19 03:58:13,CLOSE,2574.03
0,2017-06-19 03:59:31,BUY,2569.54
0,2017-06-19 04:02:04,CLOSE,2576.06
0,2017-06-19 04:02:07,SELL,2577.54
0,2017-06-19 04:06:17,CLOSE,2576.82
0,2017-06-19 04:10:26,BUY,2573.76
0,2017-06-19 04:11:49,CLOSE,2575.17
0,2017-06-19 04:16:47,BUY,2571.25
0,2017-06-19 04:20:28,CLOSE,2572.45
0,2017-06-19 04:22:02,BUY,2570.07
0,2017-06-19 04:22:40,CLOSE,2572.26
0,2017-06-19 04:34:10,BUY,2569.43
0,2017-06-19 04:34:38,CLOSE,2572.49
0,2017-06-19 04:34:40,BUY,2569.16
0,2017-06-19 04:36:51,CLOSE,2571.6
0,2017-06-19 04:36:53,SELL,2571.55
0,2017-06-19 04:37:14,CLOSE,2566.74
0,2017-06-19 04:39:43,BUY,2561.09
0,2017-06-19 04:40:53,CLOSE,2563.17
0,2017-06-19 04:43:00,BUY,2559.64
0,2017-06-19 04:43:03,CLOSE,2563.21
0,2017-06-19 04:43:05,BUY,2559.6
0,2017-06-19 04:44:04,CLOSE,2565.65
0,2017-06-19 04:44:35,SELL,2565.71
0,2017-06-19 04:47:10,CLOSE,2563.86
0,2017-06-19 04:54:10,SELL,2566.05
0,2017-06-19 04:54:49,CLOSE,2562.0
0,2017-06-19 04:54:52,SELL,2566.63
0,2017-06-19 04:54:57,CLOSE,2562.11
0,2017-06-19 05:06:54,SELL,2563.87
0,2017-06-19 05:06:58,CLOSE,2559.53
0,2017-06-19 05:12:43,BUY,2559.49
0,2017-06-19 05:24:17,CLOSE,2557.2
0,2017-06-19 05:25:00,SELL,2558.85
0,2017-06-19 05:30:23,CLOSE,2556.08
0,2017-06-19 05:32:16,BUY,2553.72
0,2017-06-19 05:34:22,CLOSE,2558.75
0,2017-06-19 05:37:19,SELL,2561.73
0,2017-06-19 05:38:13,CLOSE,2558.85
0,2017-06-19 05:46:52,BUY,2556.92
0,2017-06-19 05:47:58,CLOSE,2560.79
0,2017-06-19 05:50:04,SELL,2561.42
0,2017-06-19 06:00:04,CLOSE,2560.94
0,2017-06-19 06:00:29,BUY,2561.01
0,2017-06-19 06:02:13,CLOSE,2561.85
0,2017-06-19 06:02:19,BUY,2559.42
0,2017-06-19 06:03:41,CLOSE,2562.06
0,2017-06-19 06:07:12,BUY,2556.58
0,2017-06-19 06:18:09,CLOSE,2538.74
0,2017-06-19 06:18:14,BUY,2537.18
0,2017-06-19 06:18:20,CLOSE,2538.77
0,2017-06-19 06:19:55,BUY,2536.07
0,2017-06-19 06:23:11,CLOSE,2532.84
0,2017-06-19 06:23:35,BUY,2526.88
0,2017-06-19 06:31:13,CLOSE,2517.73
0,2017-06-19 06:31:31,SELL,2520.23
0,2017-06-19 06:32:43,CLOSE,2514.02
0,2017-06-19 06:34:49,SELL,2521.12
0,2017-06-19 06:38:18,CLOSE,2517.75
0,2017-06-19 06:38:59,BUY,2513.02
0,2017-06-19 06:46:38,CLOSE,2503.99
0,2017-06-19 06:47:04,SELL,2507.89
0,2017-06-19 07:04:03,CLOSE,2516.62
0,2017-06-19 07:05:07,SELL,2521.95
0,2017-06-19 07:15:12,CLOSE,2535.33
0,2017-06-19 07:17:10,BUY,2531.99
0,2017-06-19 07:20:44,CLOSE,2533.15
0,2017-06-19 07:26:05,BUY,2521.98
0,2017-06-19 07:27:07,CLOSE,2523.15
0,2017-06-19 07:30:15,BUY,2516.89
0,2017-06-19 07:34:52,CLOSE,2523.37
0,2017-06-19 07:35:41,SELL,2526.16
0,2017-06-19 07:38:13,CLOSE,2524.03
0,2017-06-19 07:38:14,BUY,2523.88
0,2017-06-19 07:39:15,CLOSE,2531.82
0,2017-06-19 07:42:54,SELL,2536.1
0,2017-06-19 07:54:14,CLOSE,2537.48
0,2017-06-19 07:54:36,BUY,2537.47
0,2017-06-19 08:12:56,CLOSE,2506.17
0,2017-06-19 08:13:21,SELL,2506.43
0,2017-06-19 08:14:14,CLOSE,2501.59
0,2017-06-19 08:14:29,BUY,2500.0
0,2017-06-19 08:18:44,CLOSE,2489.2
0,2017-06-19 08:18:58,BUY,2484.15
0,2017-06-19 08:19:13,CLOSE,2489.08
0,2017-06-19 08:22:23,SELL,2492.63
0,2017-06-19 08:32:09,CLOSE,2498.83
0,2017-06-19 08:32:59,BUY,2496.93
0,2017-06-19 08:37:28,CLOSE,2500.08
0,2017-06-19 08:37:31,SELL,2500.74
0,2017-06-19 08:38:05,CLOSE,2491.1
0,2017-06-19 08:40:25,BUY,2488.0
0,2017-06-19 08:40:53,CLOSE,2492.0
0,2017-06-19 08:43:28,SELL,2494.56
0,2017-06-19 08:47:10,CLOSE,2499.92
0,2017-06-19 08:47:12,SELL,2501.7
0,2017-06-19 08:50:18,CLOSE,2508.38
0,2017-06-19 08:52:39,SELL,2513.27
0,2017-06-19 08:54:15,CLOSE,2515.44
0,2017-06-19 09:00:51,SELL,2516.42
0,2017-06-19 09:01:37,CLOSE,2514.98
0,2017-06-19 09:01:42,BUY,2509.71
0,2017-06-19 09:09:51,CLOSE,2511.43
0,2017-06-19 09:10:03,SELL,2511.53
0,2017-06-19 09:12:51,CLOSE,2511.42
0,2017-06-19 09:13:07,BUY,2510.0
0,2017-06-19 09:13:37,CLOSE,2514.9
0,2017-06-19 09:22:39,SELL,2519.13
0,2017-06-19 09:26:44,CLOSE,2528.13
0,2017-06-19 09:27:54,SELL,2531.0
0,2017-06-19 09:29:51,CLOSE,2538.75
0,2017-06-19 09:29:53,SELL,2540.12
0,2017-06-19 09:30:15,CLOSE,2538.64
0,2017-06-19 09:34:13,BUY,2538.27
0,2017-06-19 09:34:18,CLOSE,2539.41
0,2017-06-19 09:37:22,SELL,2540.0
0,2017-06-19 09:37:27,CLOSE,2539.01
0,2017-06-19 09:37:29,BUY,2538.86
0,2017-06-19 09:37:54,CLOSE,2539.92
0,2017-06-19 09:38:29,BUY,2537.98
0,2017-06-19 09:42:37,CLOSE,2539.08
0,2017-06-19 09:45:07,BUY,2536.1
0,2017-06-19 09:45:55,CLOSE,2539.11
0,2017-06-19 09:47:30,BUY,2535.0
0,2017-06-19 09:57:19,CLOSE,2536.28
0,2017-06-19 09:57:20,SELL,2536.3
0,2017-06-19 09:59:14,CLOSE,2530.65
0,2017-06-19 09:59:15,BUY,2527.05
0,2017-06-19 10:04:37,CLOSE,2527.25
0,2017-06-19 10:05:23,SELL,2528.92
0,2017-06-19 10:11:32,CLOSE,2534.94
0,2017-06-19 10:13:46,BUY,2532.97
0,2017-06-19 10:15:58,CLOSE,2533.0
0,2017-06-19 10:16:21,BUY,2530.87
0,2017-06-19 10:20:08,CLOSE,2532.52
0,2017-06-19 10:21:52,SELL,2536.39
0,2017-06-19 10:45:10,CLOSE,2558.22
0,2017-06-19 10:47:47,BUY,2557.31
0,2017-06-19 10:48:17,CLOSE,2559.32
0,2017-06-19 10:55:42,SELL,2560.0
0,2017-06-19 11:04:01,CLOSE,2563.91
0,2017-06-19 11:04:02,BUY,2563.92
0,2017-06-19 11:04:03,CLOSE,2565.86
0,2017-06-19 11:06:42,SELL,2566.28
0,2017-06-19 11:07:00,CLOSE,2564.17
0,2017-06-19 11:07:11,BUY,2563.62
0,2017-06-19 11:07:59,CLOSE,2563.63
0,2017-06-19 11:08:42,BUY,2559.2
0,2017-06-19 11:13:06,CLOSE,2560.55
0,2017-06-19 11:16:40,BUY,2558.62
0,2017-06-19 11:21:21,CLOSE,2558.03
0,2017-06-19 11:24:19,SELL,2558.07
0,2017-06-19 11:24:23,CLOSE,2558.01
0,2017-06-19 11:24:25,SELL,2558.07
0,2017-06-19 11:28:55,CLOSE,2562.02
0,2017-06-19 11:30:09,SELL,2564.06
0,2017-06-19 11:31:25,CLOSE,2560.72
0,2017-06-19 11:32:03,BUY,2560.65
0,2017-06-19 11:32:23,CLOSE,2564.91
0,2017-06-19 11:35:44,SELL,2566.19
0,2017-06-19 11:36:53,CLOSE,2562.09
0,2017-06-19 11:39:06,BUY,2560.67
0,2017-06-19 11:42:51,CLOSE,2562.64
0,2017-06-19 11:42:56,SELL,2563.5
0,2017-06-19 11:44:10,CLOSE,2562.83
0,2017-06-19 11:47:31,SELL,2565.78
0,2017-06-19 11:48:14,CLOSE,2563.97
0,2017-06-19 11:51:29,BUY,2561.11
0,2017-06-19 11:54:48,CLOSE,2558.47
0,2017-06-19 11:57:17,SELL,2558.6
0,2017-06-19 11:58:19,CLOSE,2558.0
0,2017-06-19 11:59:44,BUY,2557.62
0,2017-06-19 12:02:34,CLOSE,2552.4
0,2017-06-19 12:03:06,SELL,2552.61
0,2017-06-19 12:03:39,CLOSE,2550.58
0,2017-06-19 12:03:51,SELL,2553.83
0,2017-06-19 12:06:16,CLOSE,2552.11
0,2017-06-19 12:06:22,BUY,2552.15
0,2017-06-19 12:07:52,CLOSE,2554.77
0,2017-06-19 12:10:00,BUY,2553.52
0,2017-06-19 12:10:07,CLOSE,2554.36
0,2017-06-19 12:12:04,BUY,2552.01
0,2017-06-19 12:13:41,CLOSE,2553.86
0,2017-06-19 12:15:35,BUY,2551.24
0,2017-06-19 12:17:51,CLOSE,2555.12
0,2017-06-19 12:17:52,SELL,2555.09
0,2017-06-19 12:20:46,CLOSE,2553.55
0,2017-06-19 12:26:25,BUY,2550.47
0,2017-06-19 12:28:58,CLOSE,2545.81
0,2017-06-19 12:32:23,SELL,2545.14
0,2017-06-19 12:38:38,CLOSE,2545.0
0,2017-06-19 12:39:39,BUY,2542.11
0,2017-06-19 12:42:49,CLOSE,2543.69
0,2017-06-19 12:42:51,SELL,2543.68
0,2017-06-19 12:45:19,CLOSE,2547.52
0,2017-06-19 12:46:30,BUY,2545.42
0,2017-06-19 12:52:05,CLOSE,2543.19
0,2017-06-19 12:52:50,BUY,2537.8
0,2017-06-19 12:58:50,CLOSE,2538.87
0,2017-06-19 13:03:55,SELL,2540.0
0,2017-06-19 13:09:32,CLOSE,2540.71
0,2017-06-19 13:09:36,BUY,2539.24
0,2017-06-19 13:11:00,CLOSE,2543.72
0,2017-06-19 13:11:04,SELL,2545.09
0,2017-06-19 13:14:13,CLOSE,2549.72
0,2017-06-19 13:14:14,BUY,2549.19
0,2017-06-19 13:15:08,CLOSE,2553.6
0,2017-06-19 13:17:14,SELL,2556.51
0,2017-06-19 13:20:59,CLOSE,2554.95
0,2017-06-19 13:22:00,BUY,2554.95
0,2017-06-19 13:28:23,CLOSE,2553.46
0,2017-06-19 13:28:24,SELL,2553.67
0,2017-06-19 13:49:40,CLOSE,2560.57
0,2017-06-19 13:54:55,SELL,2566.53
0,2017-06-19 13:58:00,CLOSE,2566.02
0,2017-06-19 14:01:53,BUY,2567.0
0,2017-06-19 14:07:40,CLOSE,2567.73
0,2017-06-19 14:07:53,SELL,2568.0
0,2017-06-19 14:13:10,CLOSE,2573.4
0,2017-06-19 14:16:30,SELL,2575.0
0,2017-06-19 14:20:21,CLOSE,2577.37
0,2017-06-19 14:24:30,BUY,2578.03
0,2017-06-19 14:32:27,CLOSE,2579.84
0,2017-06-19 14:36:10,SELL,2582.32
0,2017-06-19 14:44:53,CLOSE,2585.34
0,2017-06-19 14:45:41,BUY,2585.0
0,2017-06-19 14:46:21,CLOSE,2586.0
0,2017-06-19 14:47:39,SELL,2591.02
0,2017-06-19 14:52:02,CLOSE,2583.62
0,2017-06-19 14:58:02,SELL,2586.0
0,2017-06-19 15:03:32,CLOSE,2588.46
0,2017-06-19 15:03:43,BUY,2588.48
0,2017-06-19 15:04:47,CLOSE,2590.0
0,2017-06-19 15:14:06,BUY,2586.46
0,2017-06-19 15:21:34,CLOSE,2579.99
0,2017-06-19 15:30:08,BUY,2578.55
0,2017-06-19 15:32:41,CLOSE,2579.0
0,2017-06-19 15:35:21,BUY,2575.0
0,2017-06-19 15:36:00,CLOSE,2577.95
0,2017-06-19 15:37:00,BUY,2573.53
0,2017-06-19 15:42:16,CLOSE,2577.41
0,2017-06-19 15:43:46,SELL,2580.0
0,2017-06-19 15:45:05,CLOSE,2578.3
0,2017-06-19 15:45:21,BUY,2576.32
0,2017-06-19 15:46:43,CLOSE,2578.76
0,2017-06-19 15:46:56,SELL,2579.48
0,2017-06-19 15:47:40,CLOSE,2579.17
0,2017-06-19 16:06:10,SELL,2579.99
0,2017-06-19 16:11:43,CLOSE,2572.04
0,2017-06-19 16:13:58,BUY,2572.14
0,2017-06-19 16:27:53,CLOSE,2559.14
0,2017-06-19 16:29:31,BUY,2557.79
0,2017-06-19 16:36:35,CLOSE,2557.9
0,2017-06-19 16:36:38,SELL,2557.76
0,2017-06-19 16:36:50,CLOSE,2549.56
0,2017-06-19 16:40:24,SELL,2553.76
0,2017-06-19 16:40:28,CLOSE,2548.06
0,2017-06-19 16:45:09,SELL,2553.7
0,2017-06-19 16:49:24,CLOSE,2557.73
0,2017-06-19 16:50:29,SELL,2564.93
0,2017-06-19 16:52:57,CLOSE,2564.1
0,2017-06-19 16:53:06,BUY,2563.63
0,2017-06-19 16:56:18,CLOSE,2555.34
0,2017-06-19 16:57:05,BUY,2550.0
0,2017-06-19 17:02:05,CLOSE,2555.13
0,2017-06-19 17:02:23,SELL,2555.17
0,2017-06-19 17:08:31,CLOSE,2559.22
0,2017-06-19 17:08:44,BUY,2559.66
0,2017-06-19 17:15:24,CLOSE,2560.79
0,2017-06-19 17:15:36,SELL,2561.8
0,2017-06-19 17:16:39,CLOSE,2563.31
0,2017-06-19 17:17:31,BUY,2562.39
0,2017-06-19 17:20:30,CLOSE,2563.15
0,2017-06-19 17:21:46,BUY,2560.65
0,2017-06-19 17:22:06,CLOSE,2565.6
0,2017-06-19 17:23:18,SELL,2567.87
0,2017-06-19 17:24:15,CLOSE,2565.41
0,2017-06-19 17:25:51,BUY,2563.56
0,2017-06-19 17:26:11,CLOSE,2567.39
0,2017-06-19 17:28:36,BUY,2562.49
0,2017-06-19 17:29:30,CLOSE,2564.9
0,2017-06-19 17:31:20,BUY,2563.57
0,2017-06-19 17:38:20,CLOSE,2559.0
0,2017-06-19 17:38:25,SELL,2559.81
0,2017-06-19 17:43:07,CLOSE,2562.06
0,2017-06-19 17:45:49,SELL,2569.47
0,2017-06-19 17:46:16,CLOSE,2567.32
0,2017-06-19 17:47:55,SELL,2572.31
0,2017-06-19 17:49:29,CLOSE,2570.73
0,2017-06-19 17:49:42,BUY,2569.16
0,2017-06-19 17:49:47,CLOSE,2575.24
0,2017-06-19 17:52:02,BUY,2570.59
0,2017-06-19 17:55:56,CLOSE,2571.11
0,2017-06-19 17:56:05,SELL,2572.3
0,2017-06-19 17:56:49,CLOSE,2570.08
0,2017-06-19 17:58:45,BUY,2569.42
0,2017-06-19 17:58:56,CLOSE,2572.35
0,2017-06-19 17:58:59,BUY,2568.21
0,2017-06-19 17:59:27,CLOSE,2572.47
0,2017-06-19 18:04:55,BUY,2567.1
0,2017-06-19 18:11:33,CLOSE,2566.55
0,2017-06-19 18:23:33,SELL,2575.33
0,2017-06-19 18:25:23,CLOSE,2574.5
0,2017-06-19 18:26:24,BUY,2571.94
0,2017-06-19 18:31:42,CLOSE,2573.0
0,2017-06-19 18:34:12,BUY,2565.87
0,2017-06-19 18:37:30,CLOSE,2565.99
0,2017-06-19 18:37:40,SELL,2566.4
0,2017-06-19 18:40:26,CLOSE,2570.69
0,2017-06-19 18:43:42,BUY,2571.16
0,2017-06-19 18:48:58,CLOSE,2572.31
0,2017-06-19 18:54:38,BUY,2569.23
0,2017-06-19 18:58:00,CLOSE,2566.89
0,2017-06-19 18:58:34,SELL,2568.0
0,2017-06-19 19:04:05,CLOSE,2568.94
0,2017-06-19 19:04:13,BUY,2568.0
0,2017-06-19 19:05:56,CLOSE,2571.02
0,2017-06-19 19:06:33,SELL,2572.11
0,2017-06-19 19:16:59,CLOSE,2572.95
0,2017-06-19 19:17:29,BUY,2569.89
0,2017-06-19 19:19:20,CLOSE,2574.81
0,2017-06-19 19:19:57,SELL,2575.98
0,2017-06-19 19:26:25,CLOSE,2577.79
0,2017-06-19 19:26:30,BUY,2576.98
0,2017-06-19 19:30:58,CLOSE,2579.01
0,2017-06-19 19:31:45,BUY,2574.9
0,2017-06-19 19:32:17,CLOSE,2579.06
0,2017-06-19 19:47:35,SELL,2579.99
0,2017-06-19 19:49:06,CLOSE,2579.94
0,2017-06-19 19:49:37,BUY,2574.3
0,2017-06-19 19:55:19,CLOSE,2578.0
0,2017-06-19 19:56:24,SELL,2579.39
0,2017-06-19 20:02:45,CLOSE,2583.5
0,2017-06-19 20:03:16,BUY,2580.0
0,2017-06-19 20:03:46,CLOSE,2585.22
0,2017-06-19 20:05:56,SELL,2584.97
0,2017-06-19 20:06:16,CLOSE,2582.0
0,2017-06-19 20:07:15,SELL,2584.51
0,2017-06-19 20:12:33,CLOSE,2588.08
0,2017-06-19 20:14:44,SELL,2592.45
0,2017-06-19 20:16:48,CLOSE,2589.0
0,2017-06-19 20:16:54,BUY,2585.0
0,2017-06-19 20:19:31,CLOSE,2590.97
0,2017-06-19 20:25:18,SELL,2591.82
0,2017-06-19 20:35:17,CLOSE,2590.13
0,2017-06-19 20:41:56,SELL,2591.08
0,2017-06-19 20:44:42,CLOSE,2590.7
0,2017-06-19 20:48:00,SELL,2596.63
0,2017-06-19 20:49:25,CLOSE,2594.67
0,2017-06-19 20:49:30,BUY,2594.72
0,2017-06-19 20:50:54,CLOSE,2597.0
0,2017-06-19 20:56:00,SELL,2594.98
0,2017-06-19 21:06:44,CLOSE,2597.98
0,2017-06-19 21:11:52,SELL,2601.14
0,2017-06-19 21:15:17,CLOSE,2607.5
0,2017-06-19 21:19:50,SELL,2609.58
0,2017-06-19 21:23:42,CLOSE,2612.01
0,2017-06-19 21:24:18,BUY,2612.0
0,2017-06-19 21:24:19,CLOSE,2613.13
0,2017-06-19 21:25:22,BUY,2611.59
0,2017-06-19 21:28:39,CLOSE,2613.5
0,2017-06-19 21:28:47,SELL,2613.8
0,2017-06-19 21:30:25,CLOSE,2617.31
0,2017-06-19 21:31:04,BUY,2615.48
0,2017-06-19 21:33:16,CLOSE,2619.92
0,2017-06-19 21:36:05,SELL,2622.37
0,2017-06-19 21:37:30,CLOSE,2621.23
0,2017-06-19 21:37:31,BUY,2619.83
0,2017-06-19 21:42:01,CLOSE,2619.97
0,2017-06-19 21:42:48,BUY,2619.33
0,2017-06-19 21:44:23,CLOSE,2619.99
0,2017-06-19 21:44:50,BUY,2611.53
0,2017-06-19 21:48:05,CLOSE,2617.99
0,2017-06-19 21:49:57,BUY,2612.54
0,2017-06-19 21:50:45,CLOSE,2615.63
0,2017-06-19 21:51:41,BUY,2611.56
0,2017-06-19 21:53:00,CLOSE,2609.73
0,2017-06-19 21:54:45,BUY,2600.0
0,2017-06-19 21:57:31,CLOSE,2603.75
0,2017-06-19 21:57:32,SELL,2605.29
0,2017-06-19 22:00:56,CLOSE,2606.09
0,2017-06-19 22:03:50,BUY,2604.27
0,2017-06-19 22:04:27,CLOSE,2606.01
0,2017-06-19 22:05:11,BUY,2604.85
0,2017-06-19 22:06:43,CLOSE,2604.78
0,2017-06-19 22:07:39,BUY,2603.21
0,2017-06-19 22:15:51,CLOSE,2599.92
0,2017-06-19 22:20:57,SELL,2600.5
0,2017-06-19 22:33:51,CLOSE,2610.35
0,2017-06-19 22:38:01,BUY,2609.6
0,2017-06-19 22:39:56,CLOSE,2610.9
0,2017-06-19 22:40:35,SELL,2614.1
0,2017-06-19 22:41:45,CLOSE,2609.68
0,2017-06-19 22:42:09,SELL,2614.51
0,2017-06-19 22:42:57,CLOSE,2610.38
0,2017-06-19 22:50:35,SELL,2614.0
0,2017-06-19 22:56:26,CLOSE,2618.0
0,2017-06-19 22:56:27,BUY,2617.18
0,2017-06-19 22:58:57,CLOSE,2617.99
0,2017-06-19 22:58:59,BUY,2614.0
0,2017-06-19 23:00:01,CLOSE,2618.0
0,2017-06-19 23:01:22,BUY,2612.71
0,2017-06-19 23:03:46,CLOSE,2617.83
0,2017-06-19 23:03:47,SELL,2617.78
0,2017-06-19 23:04:13,CLOSE,2612.62
0,2017-06-19 23:04:25,BUY,2613.96
0,2017-06-19 23:08:28,CLOSE,2618.0
0,2017-06-19 23:08:35,BUY,2612.61
0,2017-06-19 23:08:59,CLOSE,2616.51
0,2017-06-19 23:10:37,BUY,2613.77
0,2017-06-19 23:18:25,CLOSE,2610.09
0,2017-06-19 23:20:00,SELL,2612.0
0,2017-06-19 23:22:39,CLOSE,2610.0
0,2017-06-19 23:22:58,BUY,2608.67
0,2017-06-19 23:24:38,CLOSE,2606.54
0,2017-06-19 23:24:45,SELL,2608.6
0,2017-06-19 23:25:01,CLOSE,2603.52
0,2017-06-19 23:26:09,SELL,2610.08
0,2017-06-19 23:26:19,CLOSE,2605.24
0,2017-06-19 23:26:22,SELL,2611.0
0,2017-06-19 23:27:56,CLOSE,2605.27
0,2017-06-19 23:27:58,BUY,2606.49
0,2017-06-19 23:29:40,CLOSE,2610.0
0,2017-06-19 23:29:46,BUY,2605.31
0,2017-06-19 23:31:27,CLOSE,2608.6
0,2017-06-19 23:31:36,BUY,2605.52
0,2017-06-19 23:31:55,CLOSE,2608.6
0,2017-06-19 23:32:08,SELL,2609.0
0,2017-06-19 23:34:09,CLOSE,2607.37
0,2017-06-19 23:35:17,BUY,2606.12
0,2017-06-19 23:36:55,CLOSE,2608.44
0,2017-06-19 23:37:56,SELL,2610.0
0,2017-06-19 23:41:26,CLOSE,2605.23
0,2017-06-19 23:41:31,BUY,2606.68
0,2017-06-19 23:45:48,CLOSE,2606.95
0,2017-06-19 23:46:46,SELL,2607.96
0,2017-06-19 23:46:48,CLOSE,2601.02
0,2017-06-19 23:48:10,SELL,2606.61
0,2017-06-19 23:48:23,CLOSE,2600.89
0,2017-06-19 23:49:52,BUY,2600.0
0,2017-06-19 23:50:57,CLOSE,2604.78
0,2017-06-19 23:51:05,BUY,2597.3
0,2017-06-19 23:51:12,CLOSE,2605.35
0,2017-06-19 23:57:18,BUY,2596.57
0,2017-06-20 00:01:34,CLOSE,2600.96
0,2017-06-20 00:02:04,BUY,2598.78
0,2017-06-20 00:05:34,CLOSE,2599.73
0,2017-06-20 00:07:46,SELL,2602.82
0,2017-06-20 00:17:23,CLOSE,2602.35
0,2017-06-20 00:18:33,BUY,2601.43
0,2017-06-20 00:21:57,CLOSE,2603.25
0,2017-06-20 00:22:28,SELL,2603.74
0,2017-06-20 00:26:57,CLOSE,2601.53
0,2017-06-20 00:30:22,SELL,2605.21
0,2017-06-20 00:37:32,CLOSE,2610.12
0,2017-06-20 00:39:47,BUY,2607.03
0,2017-06-20 00:42:22,CLOSE,2609.9
0,2017-06-20 00:45:31,SELL,2611.62
0,2017-06-20 00:48:16,CLOSE,2607.85
0,2017-06-20 00:48:21,BUY,2606.58
0,2017-06-20 00:55:26,CLOSE,2593.92
0,2017-06-20 00:56:46,SELL,2592.85
0,2017-06-20 00:57:34,CLOSE,2590.02
0,2017-06-20 00:59:07,SELL,2592.98
0,2017-06-20 01:02:11,CLOSE,2595.26
0,2017-06-20 01:02:19,BUY,2595.33
0,2017-06-20 01:03:22,CLOSE,2598.91
0,2017-06-20 01:03:23,SELL,2599.36
0,2017-06-20 01:07:39,CLOSE,2599.11
0,2017-06-20 01:07:54,BUY,2599.06
0,2017-06-20 01:14:12,CLOSE,2601.34
0,2017-06-20 01:18:31,BUY,2592.2
0,2017-06-20 01:19:02,CLOSE,2599.86
0,2017-06-20 01:22:30,BUY,2590.77
0,2017-06-20 01:25:22,CLOSE,2593.0
0,2017-06-20 01:25:23,SELL,2594.48
0,2017-06-20 01:30:13,CLOSE,2596.0
0,2017-06-20 01:30:33,BUY,2595.05
0,2017-06-20 01:33:43,CLOSE,2597.59
0,2017-06-20 01:36:24,BUY,2592.18
0,2017-06-20 01:39:26,CLOSE,2595.06
0,2017-06-20 01:40:59,BUY,2591.38
0,2017-06-20 01:41:30,CLOSE,2594.79
0,2017-06-20 01:45:41,SELL,2596.78
0,2017-06-20 01:46:00,CLOSE,2592.28
0,2017-06-20 01:55:03,SELL,2597.07
0,2017-06-20 01:56:36,CLOSE,2593.0
0,2017-06-20 02:00:15,SELL,2595.55
0,2017-06-20 02:09:17,CLOSE,2591.25
0,2017-06-20 02:13:16,SELL,2599.16
0,2017-06-20 02:19:02,CLOSE,2595.16
0,2017-06-20 02:21:07,BUY,2590.03
0,2017-06-20 02:29:52,CLOSE,2600.22
0,2017-06-20 02:31:17,SELL,2606.72
0,2017-06-20 02:37:22,CLOSE,2600.03
0,2017-06-20 02:45:10,BUY,2599.41
0,2017-06-20 02:46:12,CLOSE,2607.15
0,2017-06-20 02:54:03,SELL,2606.76
0,2017-06-20 02:55:03,CLOSE,2599.01
0,2017-06-20 03:00:22,BUY,2599.44
0,2017-06-20 03:09:30,CLOSE,2602.81
0,2017-06-20 03:09:38,SELL,2602.8
0,2017-06-20 03:12:20,CLOSE,2600.93
0,2017-06-20 03:21:20,SELL,2609.93
0,2017-06-20 03:23:22,CLOSE,2609.04
0,2017-06-20 03:23:24,BUY,2608.3
0,2017-06-20 03:28:49,CLOSE,2607.03
0,2017-06-20 03:31:46,SELL,2608.65
0,2017-06-20 04:00:44,CLOSE,2624.45
0,2017-06-20 04:01:08,BUY,2624.24
0,2017-06-20 04:03:09,CLOSE,2624.59
0,2017-06-20 04:03:13,BUY,2623.01
0,2017-06-20 04:06:00,CLOSE,2624.12
0,2017-06-20 04:06:17,BUY,2619.3
0,2017-06-20 04:06:25,CLOSE,2623.94
0,2017-06-20 04:16:35,SELL,2626.9
0,2017-06-20 04:23:53,CLOSE,2631.01
0,2017-06-20 04:23:55,BUY,2628.28
0,2017-06-20 04:25:43,CLOSE,2631.41
0,2017-06-20 04:26:22,SELL,2631.59
0,2017-06-20 04:27:24,CLOSE,2628.22
0,2017-06-20 04:27:28,BUY,2629.11
0,2017-06-20 04:28:50,CLOSE,2628.97
0,2017-06-20 04:30:48,SELL,2629.11
0,2017-06-20 04:34:52,CLOSE,2625.46
0,2017-06-20 04:34:55,BUY,2621.0
0,2017-06-20 04:38:17,CLOSE,2622.59
0,2017-06-20 04:38:34,SELL,2625.67
0,2017-06-20 04:42:11,CLOSE,2620.0
0,2017-06-20 04:47:57,BUY,2618.92
0,2017-06-20 04:54:47,CLOSE,2619.08
0,2017-06-20 04:55:24,SELL,2620.39
0,2017-06-20 04:55:46,CLOSE,2616.1
0,2017-06-20 04:55:51,BUY,2614.0
0,2017-06-20 04:57:49,CLOSE,2615.27
0,2017-06-20 04:57:51,SELL,2616.9
0,2017-06-20 04:58:00,CLOSE,2611.14
0,2017-06-20 05:00:57,SELL,2615.16
0,2017-06-20 05:01:01,CLOSE,2611.32
0,2017-06-20 05:01:17,SELL,2616.87
0,2017-06-20 05:01:25,CLOSE,2611.79
0,2017-06-20 05:04:38,SELL,2617.46
0,2017-06-20 05:05:52,CLOSE,2613.03
0,2017-06-20 05:10:21,BUY,2617.73
0,2017-06-20 05:11:23,CLOSE,2619.24
0,2017-06-20 05:11:24,SELL,2620.08
0,2017-06-20 05:14:30,CLOSE,2618.46
0,2017-06-20 05:23:26,SELL,2620.5
0,2017-06-20 05:27:54,CLOSE,2620.01
0,2017-06-20 05:27:56,SELL,2621.99
0,2017-06-20 05:28:50,CLOSE,2618.51
0,2017-06-20 05:28:55,BUY,2618.5
0,2017-06-20 05:35:56,CLOSE,2615.02
0,2017-06-20 05:36:01,SELL,2615.39
0,2017-06-20 05:38:40,CLOSE,2616.13
0,2017-06-20 05:41:48,SELL,2617.85
0,2017-06-20 05:42:19,CLOSE,2616.18
0,2017-06-20 05:43:36,BUY,2616.46
0,2017-06-20 05:50:02,CLOSE,2615.65
0,2017-06-20 05:51:37,BUY,2613.53
0,2017-06-20 05:54:09,CLOSE,2615.92
0,2017-06-20 05:55:30,BUY,2611.01
0,2017-06-20 06:05:14,CLOSE,2592.51
0,2017-06-20 06:05:32,SELL,2594.1
0,2017-06-20 06:09:38,CLOSE,2592.0
0,2017-06-20 06:12:14,SELL,2595.56
0,2017-06-20 06:13:51,CLOSE,2591.66
0,2017-06-20 06:19:59,BUY,2590.74
0,2017-06-20 06:20:02,CLOSE,2597.21
0,2017-06-20 06:20:30,BUY,2590.75
0,2017-06-20 06:22:05,CLOSE,2598.39
0,2017-06-20 06:23:00,SELL,2601.42
0,2017-06-20 06:31:25,CLOSE,2601.46
0,2017-06-20 06:34:46,BUY,2601.91
0,2017-06-20 06:36:39,CLOSE,2607.61
0,2017-06-20 06:37:19,BUY,2602.44
0,2017-06-20 06:43:52,CLOSE,2600.69
0,2017-06-20 06:45:17,BUY,2598.0
0,2017-06-20 06:46:39,CLOSE,2599.99
0,2017-06-20 06:46:46,SELL,2601.46
0,2017-06-20 06:52:23,CLOSE,2598.93
0,2017-06-20 06:53:46,SELL,2602.24
0,2017-06-20 06:57:19,CLOSE,2601.01
0,2017-06-20 06:57:24,BUY,2600.21
0,2017-06-20 07:09:22,CLOSE,2602.87
0,2017-06-20 07:13:32,SELL,2600.9
0,2017-06-20 07:13:39,CLOSE,2599.0
0,2017-06-20 07:16:58,BUY,2599.62
0,2017-06-20 07:17:42,CLOSE,2601.36
0,2017-06-20 07:17:44,BUY,2598.08
0,2017-06-20 07:17:45,CLOSE,2601.36
0,2017-06-20 07:18:04,BUY,2596.45
0,2017-06-20 07:18:14,CLOSE,2601.1
0,2017-06-20 07:21:45,BUY,2596.0
0,2017-06-20 07:22:55,CLOSE,2599.73
0,2017-06-20 07:23:58,BUY,2592.23
0,2017-06-20 07:25:38,CLOSE,2597.0
0,2017-06-20 07:29:30,SELL,2598.85
0,2017-06-20 07:32:16,CLOSE,2599.02
0,2017-06-20 07:42:27,BUY,2599.48
0,2017-06-20 07:42:32,CLOSE,2602.43
0,2017-06-20 07:44:36,SELL,2603.91
0,2017-06-20 07:45:30,CLOSE,2600.93
0,2017-06-20 07:46:52,BUY,2599.0
0,2017-06-20 07:59:36,CLOSE,2599.99
0,2017-06-20 08:04:34,SELL,2601.0
0,2017-06-20 08:10:14,CLOSE,2604.0
0,2017-06-20 08:10:50,BUY,2603.8
0,2017-06-20 08:12:41,CLOSE,2605.19
0,2017-06-20 08:15:50,SELL,2610.0
0,2017-06-20 08:23:11,CLOSE,2606.75
0,2017-06-20 08:23:42,BUY,2603.84
0,2017-06-20 08:25:47,CLOSE,2609.82
0,2017-06-20 08:28:47,BUY,2607.71
0,2017-06-20 08:31:04,CLOSE,2611.2
0,2017-06-20 08:38:56,SELL,2611.54
0,2017-06-20 08:51:28,CLOSE,2617.52
0,2017-06-20 08:51:31,BUY,2617.46
0,2017-06-20 08:54:03,CLOSE,2619.27
0,2017-06-20 08:55:11,SELL,2620.69
0,2017-06-20 09:03:01,CLOSE,2616.95
0,2017-06-20 09:03:28,BUY,2616.64
0,2017-06-20 09:06:56,CLOSE,2620.77
0,2017-06-20 09:10:20,SELL,2622.33
0,2017-06-20 09:23:24,CLOSE,2634.16
0,2017-06-20 09:24:02,BUY,2634.16
0,2017-06-20 09:26:04,CLOSE,2636.49
0,2017-06-20 09:26:35,SELL,2637.27
0,2017-06-20 09:41:29,CLOSE,2636.52
0,2017-06-20 09:41:47,BUY,2631.0
0,2017-06-20 09:51:59,CLOSE,2635.88
0,2017-06-20 09:52:02,SELL,2636.19
0,2017-06-20 09:57:06,CLOSE,2638.97
0,2017-06-20 10:00:00,SELL,2639.09
0,2017-06-20 10:01:53,CLOSE,2638.92
0,2017-06-20 10:02:30,BUY,2638.1
0,2017-06-20 10:09:04,CLOSE,2638.24
0,2017-06-20 10:09:29,SELL,2638.23
0,2017-06-20 10:13:15,CLOSE,2638.0
0,2017-06-20 10:13:54,BUY,2638.24
0,2017-06-20 10:16:00,CLOSE,2638.59
0,2017-06-20 10:24:35,BUY,2636.86
0,2017-06-20 10:31:58,CLOSE,2632.36
0,2017-06-20 10:33:14,BUY,2627.22
0,2017-06-20 10:35:22,CLOSE,2631.22
0,2017-06-20 10:41:34,SELL,2633.37
0,2017-06-20 10:42:10,CLOSE,2633.02
0,2017-06-20 10:49:04,SELL,2636.26
0,2017-06-20 11:02:09,CLOSE,2634.5
0,2017-06-20 11:05:54,BUY,2639.0
0,2017-06-20 11:06:30,CLOSE,2641.08
0,2017-06-20 11:06:34,SELL,2641.2
0,2017-06-20 11:07:14,CLOSE,2639.0
0,2017-06-20 11:07:17,BUY,2638.3
0,2017-06-20 11:09:13,CLOSE,2640.83
0,2017-06-20 11:11:05,BUY,2639.08
0,2017-06-20 11:11:30,CLOSE,2642.49
0,2017-06-20 11:13:43,SELL,2642.31
0,2017-06-20 11:16:03,CLOSE,2642.34
0,2017-06-20 11:16:12,BUY,2641.93
0,2017-06-20 11:17:04,CLOSE,2644.89
0,2017-06-20 11:21:47,SELL,2646.51
0,2017-06-20 11:26:01,CLOSE,2643.17
0,2017-06-20 11:26:23,BUY,2643.33
0,2017-06-20 11:27:36,CLOSE,2647.0
0,2017-06-20 11:27:52,SELL,2646.82
0,2017-06-20 11:29:24,CLOSE,2645.99
0,2017-06-20 11:29:54,BUY,2645.02
0,2017-06-20 11:30:48,CLOSE,2646.98
0,2017-06-20 11:37:32,SELL,2650.97
0,2017-06-20 11:41:35,CLOSE,2653.97
0,2017-06-20 11:41:58,BUY,2650.76
0,2017-06-20 11:44:30,CLOSE,2655.0
0,2017-06-20 11:49:25,BUY,2653.64
0,2017-06-20 11:53:44,CLOSE,2654.81
0,2017-06-20 11:54:52,BUY,2641.85
0,2017-06-20 11:59:21,CLOSE,2652.98
0,2017-06-20 11:59:32,SELL,2655.0
0,2017-06-20 12:02:48,CLOSE,2655.05
0,2017-06-20 12:02:51,BUY,2655.02
0,2017-06-20 12:03:17,CLOSE,2655.72
0,2017-06-20 12:04:59,SELL,2657.39
0,2017-06-20 12:20:35,CLOSE,2659.94
0,2017-06-20 12:21:06,BUY,2659.95
0,2017-06-20 12:38:42,CLOSE,2654.8
0,2017-06-20 12:39:37,SELL,2656.04
0,2017-06-20 12:43:32,CLOSE,2655.97
0,2017-06-20 12:43:37,BUY,2656.0
0,2017-06-20 12:48:12,CLOSE,2662.0
0,2017-06-20 12:48:58,SELL,2657.3
0,2017-06-20 12:49:08,CLOSE,2653.67
0,2017-06-20 12:49:33,BUY,2652.33
0,2017-06-20 12:50:39,CLOSE,2654.33
0,2017-06-20 12:51:42,SELL,2654.99
0,2017-06-20 12:52:44,CLOSE,2652.97
0,2017-06-20 12:54:49,BUY,2650.78
0,2017-06-20 12:56:24,CLOSE,2653.44
0,2017-06-20 12:56:53,SELL,2652.54
0,2017-06-20 12:59:44,CLOSE,2648.0
0,2017-06-20 12:59:45,BUY,2647.76
0,2017-06-20 13:15:16,CLOSE,2638.02
0,2017-06-20 13:19:58,SELL,2641.0
0,2017-06-20 13:25:24,CLOSE,2646.66
0,2017-06-20 13:26:17,SELL,2653.84
0,2017-06-20 13:27:43,CLOSE,2651.18
0,2017-06-20 13:29:25,BUY,2648.0
0,2017-06-20 13:33:38,CLOSE,2654.49
0,2017-06-20 13:34:24,SELL,2655.4
0,2017-06-20 13:36:46,CLOSE,2654.5
0,2017-06-20 13:36:48,BUY,2650.73
0,2017-06-20 13:39:25,CLOSE,2654.94
0,2017-06-20 13:45:09,SELL,2654.34
0,2017-06-20 14:34:22,CLOSE,2696.46
0,2017-06-20 14:34:36,BUY,2696.94
0,2017-06-20 14:35:01,CLOSE,2698.71
0,2017-06-20 14:42:00,SELL,2699.0
0,2017-06-20 14:44:19,CLOSE,2698.45
0,2017-06-20 14:45:29,BUY,2697.63
0,2017-06-20 14:51:03,CLOSE,2689.14
0,2017-06-20 14:51:09,SELL,2689.25
0,2017-06-20 14:55:08,CLOSE,2693.94
0,2017-06-20 14:59:34,BUY,2696.91
0,2017-06-20 15:00:26,CLOSE,2699.2
0,2017-06-20 15:00:33,SELL,2700.0
0,2017-06-20 15:07:09,CLOSE,2710.36
0,2017-06-20 15:08:57,SELL,2712.04
0,2017-06-20 15:09:01,CLOSE,2710.14
0,2017-06-20 15:09:04,SELL,2714.75
0,2017-06-20 15:12:54,CLOSE,2715.05
0,2017-06-20 15:12:55,SELL,2717.39
0,2017-06-20 15:16:36,CLOSE,2722.81
0,2017-06-20 15:16:45,BUY,2722.86
0,2017-06-20 15:18:17,CLOSE,2727.0
0,2017-06-20 15:19:34,SELL,2725.47
0,2017-06-20 15:32:10,CLOSE,2765.15
0,2017-06-20 15:32:14,BUY,2765.16
0,2017-06-20 15:34:55,CLOSE,2744.5
0,2017-06-20 15:34:56,SELL,2744.66
0,2017-06-20 15:35:46,CLOSE,2744.01
0,2017-06-20 15:35:51,BUY,2743.04
0,2017-06-20 15:41:47,CLOSE,2730.0
0,2017-06-20 15:42:45,SELL,2731.15
0,2017-06-20 15:43:41,CLOSE,2728.47
0,2017-06-20 15:43:42,BUY,2726.61
0,2017-06-20 15:43:51,CLOSE,2731.0
0,2017-06-20 15:44:45,BUY,2722.18
0,2017-06-20 15:47:01,CLOSE,2722.65
0,2017-06-20 15:47:09,SELL,2723.86
0,2017-06-20 15:47:42,CLOSE,2722.94
0,2017-06-20 15:48:29,SELL,2729.31
0,2017-06-20 15:56:54,CLOSE,2738.68
0,2017-06-20 15:57:00,BUY,2738.69
0,2017-06-20 16:00:32,CLOSE,2741.0
0,2017-06-20 16:00:35,SELL,2742.0
0,2017-06-20 16:05:38,CLOSE,2768.12
0,2017-06-20 16:05:43,SELL,2771.0
0,2017-06-20 16:06:31,CLOSE,2768.12
0,2017-06-20 16:06:45,BUY,2765.05
0,2017-06-20 16:11:24,CLOSE,2753.82
0,2017-06-20 16:11:58,SELL,2755.27
0,2017-06-20 16:14:14,CLOSE,2756.01
0,2017-06-20 16:15:05,SELL,2759.15
0,2017-06-20 16:15:34,CLOSE,2752.09
0,2017-06-20 16:16:32,SELL,2763.22
0,2017-06-20 16:18:01,CLOSE,2762.8
0,2017-06-20 16:18:42,SELL,2765.84
0,2017-06-20 16:23:38,CLOSE,2765.0
0,2017-06-20 16:23:56,BUY,2764.7
0,2017-06-20 16:29:20,CLOSE,2742.43
0,2017-06-20 16:31:02,BUY,2731.2
0,2017-06-20 16:34:04,CLOSE,2732.0
0,2017-06-20 16:34:28,SELL,2731.99
0,2017-06-20 16:34:31,CLOSE,2730.99
0,2017-06-20 16:35:36,BUY,2730.0
0,2017-06-20 16:36:43,CLOSE,2732.0
0,2017-06-20 16:38:11,BUY,2725.0
0,2017-06-20 16:41:29,CLOSE,2728.5
0,2017-06-20 16:41:30,SELL,2728.83
0,2017-06-20 16:48:35,CLOSE,2748.02
0,2017-06-20 16:48:51,BUY,2746.71
0,2017-06-20 16:48:53,CLOSE,2749.88
0,2017-06-20 16:50:34,SELL,2754.0
0,2017-06-20 16:54:31,CLOSE,2763.63
0,2017-06-20 16:54:33,SELL,2766.5
0,2017-06-20 16:58:48,CLOSE,2771.01
0,2017-06-20 16:58:57,SELL,2775.0
0,2017-06-20 16:59:13,CLOSE,2771.2
0,2017-06-20 17:01:41,BUY,2760.16
0,2017-06-20 17:08:56,CLOSE,2742.24
0,2017-06-20 17:10:00,SELL,2751.49
0,2017-06-20 17:14:17,CLOSE,2756.53
0,2017-06-20 17:15:52,BUY,2755.29
0,2017-06-20 17:21:22,CLOSE,2762.84
0,2017-06-20 17:21:30,SELL,2762.85
0,2017-06-20 17:23:20,CLOSE,2760.23
0,2017-06-20 17:23:37,BUY,2760.55
0,2017-06-20 17:24:21,CLOSE,2762.7
0,2017-06-20 17:24:25,SELL,2764.99
0,2017-06-20 17:28:23,CLOSE,2764.59
0,2017-06-20 17:28:37,BUY,2764.62
0,2017-06-20 17:32:24,CLOSE,2768.85
0,2017-06-20 17:32:25,SELL,2768.9
0,2017-06-20 17:34:24,CLOSE,2767.0
0,2017-06-20 17:34:42,BUY,2767.05
0,2017-06-20 17:35:27,CLOSE,2769.63
0,2017-06-20 17:38:02,BUY,2767.53
0,2017-06-20 17:39:11,CLOSE,2769.7
0,2017-06-20 17:41:53,BUY,2767.2
0,2017-06-20 17:44:00,CLOSE,2769.64
0,2017-06-20 17:46:00,BUY,2764.48
0,2017-06-20 17:52:44,CLOSE,2766.03
0,2017-06-20 17:52:49,BUY,2763.04
0,2017-06-20 17:57:04,CLOSE,2764.98
0,2017-06-20 18:01:16,SELL,2765.99
0,2017-06-20 18:09:20,CLOSE,2766.0
0,2017-06-20 18:12:04,SELL,2769.0
0,2017-06-20 18:15:20,CLOSE,2769.42
0,2017-06-20 18:15:21,BUY,2768.69
0,2017-06-20 18:16:16,CLOSE,2773.0
0,2017-06-20 18:17:28,BUY,2766.03
0,2017-06-20 18:21:28,CLOSE,2747.98
0,2017-06-20 18:21:41,SELL,2749.14
0,2017-06-20 18:24:33,CLOSE,2750.5
0,2017-06-20 18:25:32,SELL,2756.94
0,2017-06-20 18:28:46,CLOSE,2755.5
0,2017-06-20 18:29:03,BUY,2754.0
0,2017-06-20 18:30:16,CLOSE,2756.8
0,2017-06-20 18:31:22,BUY,2747.44
0,2017-06-20 18:33:30,CLOSE,2757.0
0,2017-06-20 18:34:29,SELL,2759.79
0,2017-06-20 18:39:47,CLOSE,2756.29
0,2017-06-20 18:45:00,SELL,2763.28
0,2017-06-20 18:53:25,CLOSE,2766.24
0,2017-06-20 18:54:53,BUY,2765.5
0,2017-06-20 19:04:19,CLOSE,2762.0
0,2017-06-20 19:04:20,SELL,2763.48
0,2017-06-20 19:07:11,CLOSE,2759.99
0,2017-06-20 19:07:17,BUY,2759.97
0,2017-06-20 19:07:48,CLOSE,2763.48
0,2017-06-20 19:07:50,SELL,2763.47
0,2017-06-20 19:08:41,CLOSE,2758.15
0,2017-06-20 19:09:14,BUY,2759.52
0,2017-06-20 19:10:50,CLOSE,2760.99
0,2017-06-20 19:11:41,BUY,2755.57
0,2017-06-20 19:23:30,CLOSE,2734.27
0,2017-06-20 19:23:35,SELL,2733.59
0,2017-06-20 19:26:56,CLOSE,2729.1
0,2017-06-20 19:27:02,BUY,2729.2
0,2017-06-20 19:32:26,CLOSE,2731.09
0,2017-06-20 19:32:38,SELL,2731.49
0,2017-06-20 19:34:23,CLOSE,2730.67
0,2017-06-20 19:34:25,BUY,2730.66
0,2017-06-20 19:47:55,CLOSE,2721.0
0,2017-06-20 19:51:25,SELL,2722.24
0,2017-06-20 20:01:16,CLOSE,2756.25
0,2017-06-20 20:01:28,BUY,2753.15
0,2017-06-20 20:11:36,CLOSE,2733.18
0,2017-06-20 20:11:38,SELL,2734.16
0,2017-06-20 20:13:55,CLOSE,2732.85
0,2017-06-20 20:14:43,BUY,2731.77
0,2017-06-20 20:18:51,CLOSE,2735.0
0,2017-06-20 20:18:54,SELL,2738.88
0,2017-06-20 20:22:12,CLOSE,2724.69
0,2017-06-20 20:24:20,BUY,2733.35
0,2017-06-20 20:25:07,CLOSE,2736.04
0,2017-06-20 20:25:09,SELL,2737.52
0,2017-06-20 20:29:35,CLOSE,2733.33
0,2017-06-20 20:29:48,BUY,2733.35
0,2017-06-20 20:49:25,CLOSE,2726.0
0,2017-06-20 20:52:45,BUY,2721.32
0,2017-06-20 20:53:19,CLOSE,2724.42
0,2017-06-20 20:57:42,SELL,2727.5
0,2017-06-20 21:00:38,CLOSE,2724.17
0,2017-06-20 21:00:49,BUY,2724.01
0,2017-06-20 21:12:35,CLOSE,2697.87
0,2017-06-20 21:12:42,SELL,2699.36
0,2017-06-20 21:14:41,CLOSE,2708.32
0,2017-06-20 21:15:14,SELL,2711.57
0,2017-06-20 21:19:27,CLOSE,2713.33
0,2017-06-20 21:19:30,BUY,2713.32
0,2017-06-20 21:22:18,CLOSE,2715.09
0,2017-06-20 21:22:35,SELL,2716.0
0,2017-06-20 21:26:34,CLOSE,2717.44
0,2017-06-20 21:27:36,SELL,2717.99
0,2017-06-20 21:44:38,CLOSE,2726.45
0,2017-06-20 21:45:09,BUY,2725.95
0,2017-06-20 21:50:24,CLOSE,2729.27
0,2017-06-20 21:50:32,SELL,2729.25
0,2017-06-20 21:51:43,CLOSE,2725.05
0,2017-06-20 21:53:56,SELL,2735.0
0,2017-06-20 21:55:14,CLOSE,2730.99
0,2017-06-20 21:55:25,BUY,2730.51
0,2017-06-20 21:56:03,CLOSE,2735.22
0,2017-06-20 21:57:05,BUY,2727.0
0,2017-06-20 22:05:12,CLOSE,2697.97
0,2017-06-20 22:05:14,SELL,2699.16
0,2017-06-20 22:05:58,CLOSE,2695.03
0,2017-06-20 22:13:42,BUY,2694.0
0,2017-06-20 22:17:09,CLOSE,2694.71
0,2017-06-20 22:17:17,SELL,2696.11
0,2017-06-20 22:24:18,CLOSE,2698.19
0,2017-06-20 22:24:41,BUY,2697.69
0,2017-06-20 22:26:25,CLOSE,2698.55
0,2017-06-20 22:32:22,BUY,2698.3
0,2017-06-20 22:34:59,CLOSE,2712.94
0,2017-06-20 22:44:07,SELL,2713.79
0,2017-06-20 22:52:45,CLOSE,2713.99
0,2017-06-20 22:54:07,BUY,2713.0
0,2017-06-20 23:49:41,CLOSE,2705.9
0,2017-06-20 23:55:00,BUY,2705.87
0,2017-06-21 00:00:45,CLOSE,2705.9
0,2017-06-21 00:04:13,SELL,2705.91
0,2017-06-21 00:22:39,CLOSE,2738.0
0,2017-06-21 00:22:41,BUY,2735.18
0,2017-06-21 00:28:44,CLOSE,2732.49
0,2017-06-21 00:28:48,SELL,2732.43
0,2017-06-21 00:39:41,CLOSE,2737.0
0,2017-06-21 00:45:56,SELL,2739.53
0,2017-06-21 00:56:17,CLOSE,2738.75
0,2017-06-21 00:56:20,BUY,2738.27
0,2017-06-21 01:10:49,CLOSE,2738.5
0,2017-06-21 01:11:20,SELL,2738.5
0,2017-06-21 01:36:06,CLOSE,2760.06
0,2017-06-21 01:36:07,BUY,2760.54
0,2017-06-21 01:50:03,CLOSE,2756.0
0,2017-06-21 01:50:11,SELL,2756.48
0,2017-06-21 01:55:27,CLOSE,2758.28
0,2017-06-21 01:57:39,SELL,2780.0
0,2017-06-21 02:05:01,CLOSE,2777.36
0,2017-06-21 02:05:13,BUY,2776.02
0,2017-06-21 02:25:24,CLOSE,2699.69
0,2017-06-21 02:25:48,SELL,2710.98
0,2017-06-21 02:31:48,CLOSE,2716.98
0,2017-06-21 02:32:10,BUY,2700.6
0,2017-06-21 02:35:42,CLOSE,2706.32
0,2017-06-21 02:35:43,SELL,2709.46
0,2017-06-21 02:46:06,CLOSE,2722.41
0,2017-06-21 02:50:47,BUY,2722.0
0,2017-06-21 03:04:39,CLOSE,2678.0
0,2017-06-21 03:04:50,SELL,2680.77
0,2017-06-21 03:08:18,CLOSE,2675.01
0,2017-06-21 03:10:05,BUY,2678.59
0,2017-06-21 03:15:11,CLOSE,2668.64
0,2017-06-21 03:15:53,SELL,2671.45
0,2017-06-21 03:18:04,CLOSE,2667.0
0,2017-06-21 03:20:04,BUY,2660.41
0,2017-06-21 03:24:45,CLOSE,2644.6
0,2017-06-21 03:25:00,SELL,2647.31
0,2017-06-21 03:30:58,CLOSE,2670.01
0,2017-06-21 03:32:07,BUY,2670.46
0,2017-06-21 03:37:43,CLOSE,2663.2
0,2017-06-21 03:37:44,SELL,2663.78
0,2017-06-21 03:42:29,CLOSE,2687.01
0,2017-06-21 03:42:34,BUY,2686.8
0,2017-06-21 03:43:51,CLOSE,2693.44
0,2017-06-21 03:50:19,SELL,2696.43
0,2017-06-21 03:52:00,CLOSE,2695.0
0,2017-06-21 03:53:29,BUY,2694.72
0,2017-06-21 04:02:48,CLOSE,2683.14
0,2017-06-21 04:03:37,BUY,2675.0
0,2017-06-21 04:05:02,CLOSE,2682.9
0,2017-06-21 04:08:31,SELL,2688.0
0,2017-06-21 04:15:36,CLOSE,2691.0
0,2017-06-21 04:17:17,BUY,2682.2
0,2017-06-21 04:22:29,CLOSE,2686.8
0,2017-06-21 04:22:38,SELL,2686.67
0,2017-06-21 04:41:15,CLOSE,2684.99
0,2017-06-21 04:41:17,BUY,2684.88
0,2017-06-21 04:45:52,CLOSE,2686.4
0,2017-06-21 04:46:01,SELL,2689.2
0,2017-06-21 05:04:50,CLOSE,2713.91
0,2017-06-21 05:05:11,BUY,2714.01
0,2017-06-21 05:11:45,CLOSE,2734.0
0,2017-06-21 05:12:43,SELL,2729.0
0,2017-06-21 05:37:52,CLOSE,2731.16
0,2017-06-21 05:45:13,BUY,2731.02
0,2017-06-21 05:46:23,CLOSE,2731.84
0,2017-06-21 05:47:14,SELL,2732.15
0,2017-06-21 05:55:48,CLOSE,2732.76
0,2017-06-21 05:56:15,BUY,2733.33
0,2017-06-21 06:40:24,CLOSE,2713.5
0,2017-06-21 06:40:38,SELL,2714.03
0,2017-06-21 06:41:39,CLOSE,2711.85
0,2017-06-21 06:43:14,BUY,2703.43
0,2017-06-21 06:45:10,CLOSE,2707.55
0,2017-06-21 06:45:13,SELL,2709.03
0,2017-06-21 06:46:53,CLOSE,2702.24
0,2017-06-21 06:47:00,BUY,2698.5
0,2017-06-21 06:52:20,CLOSE,2689.95
0,2017-06-21 06:53:02,SELL,2695.29
0,2017-06-21 06:55:42,CLOSE,2691.42
0,2017-06-21 06:56:37,BUY,2689.73
0,2017-06-21 06:57:59,CLOSE,2691.67
0,2017-06-21 07:02:03,SELL,2691.91
0,2017-06-21 07:04:32,CLOSE,2689.62
0,2017-06-21 07:04:38,BUY,2687.0
0,2017-06-21 07:12:05,CLOSE,2678.91
0,2017-06-21 07:12:20,SELL,2681.83
0,2017-06-21 07:24:57,CLOSE,2694.67
0,2017-06-21 07:25:28,BUY,2694.79
0,2017-06-21 07:46:31,CLOSE,2693.95
0,2017-06-21 07:48:11,SELL,2696.46
0,2017-06-21 07:58:22,CLOSE,2695.76
0,2017-06-21 07:58:53,BUY,2695.75
0,2017-06-21 07:59:01,CLOSE,2696.66
0,2017-06-21 08:09:56,SELL,2698.01
0,2017-06-21 08:48:42,CLOSE,2719.83
0,2017-06-21 08:49:58,BUY,2719.53
0,2017-06-21 08:58:41,CLOSE,2718.67
0,2017-06-21 08:59:45,SELL,2719.51
0,2017-06-21 09:12:20,CLOSE,2730.13
0,2017-06-21 09:12:22,BUY,2730.0
0,2017-06-21 09:17:31,CLOSE,2730.23
0,2017-06-21 09:18:05,SELL,2732.76
0,2017-06-21 09:25:34,CLOSE,2729.0
0,2017-06-21 09:25:47,BUY,2725.27
0,2017-06-21 09:31:19,CLOSE,2728.76
0,2017-06-21 09:32:07,SELL,2728.77
0,2017-06-21 09:37:11,CLOSE,2737.89
0,2017-06-21 09:37:27,BUY,2737.89
0,2017-06-21 09:39:42,CLOSE,2744.54
0,2017-06-21 09:41:15,BUY,2739.04
0,2017-06-21 09:55:31,CLOSE,2730.99
0,2017-06-21 09:55:33,SELL,2731.0
0,2017-06-21 10:00:15,CLOSE,2739.0
0,2017-06-21 10:00:16,BUY,2736.48
0,2017-06-21 10:03:21,CLOSE,2737.72
0,2017-06-21 10:04:33,SELL,2740.8
0,2017-06-21 10:07:05,CLOSE,2734.38
0,2017-06-21 10:11:48,BUY,2735.98
0,2017-06-21 10:17:14,CLOSE,2736.34
0,2017-06-21 10:19:44,SELL,2736.48
0,2017-06-21 10:21:52,CLOSE,2735.4
0,2017-06-21 10:22:19,BUY,2735.37
0,2017-06-21 10:26:12,CLOSE,2736.74
0,2017-06-21 10:28:47,SELL,2736.92
0,2017-06-21 10:38:33,CLOSE,2737.0
0,2017-06-21 10:39:48,BUY,2736.26
0,2017-06-21 10:55:34,CLOSE,2716.7
0,2017-06-21 10:56:37,SELL,2717.3
0,2017-06-21 10:58:41,CLOSE,2714.62
0,2017-06-21 10:58:58,BUY,2714.76
0,2017-06-21 11:06:01,CLOSE,2718.0
0,2017-06-21 11:06:17,SELL,2716.9
0,2017-06-21 11:11:27,CLOSE,2720.63
0,2017-06-21 11:11:57,SELL,2725.0
0,2017-06-21 11:15:53,CLOSE,2723.03
0,2017-06-21 11:16:04,BUY,2722.54
0,2017-06-21 11:20:23,CLOSE,2719.73
0,2017-06-21 11:21:08,BUY,2716.5
0,2017-06-21 11:22:17,CLOSE,2719.17
0,2017-06-21 11:22:18,SELL,2720.45
0,2017-06-21 11:23:36,CLOSE,2716.89
0,2017-06-21 11:23:56,BUY,2715.05
0,2017-06-21 11:34:01,CLOSE,2697.21
0,2017-06-21 11:35:27,BUY,2691.95
0,2017-06-21 11:44:43,CLOSE,2667.97
0,2017-06-21 11:45:42,SELL,2670.73
0,2017-06-21 11:46:46,CLOSE,2681.3
0,2017-06-21 11:49:04,BUY,2686.0
0,2017-06-21 11:50:02,CLOSE,2687.13
0,2017-06-21 11:52:18,BUY,2683.14
0,2017-06-21 12:01:05,CLOSE,2671.32
0,2017-06-21 12:01:17,BUY,2651.87
0,2017-06-21 12:14:24,CLOSE,2628.89
0,2017-06-21 12:14:25,SELL,2628.91
0,2017-06-21 12:17:30,CLOSE,2658.35
0,2017-06-21 12:19:09,SELL,2664.46
0,2017-06-21 12:21:08,CLOSE,2680.19
0,2017-06-21 12:22:19,BUY,2680.03
0,2017-06-21 12:26:06,CLOSE,2674.04
0,2017-06-21 12:26:07,SELL,2674.2
0,2017-06-21 12:27:30,CLOSE,2673.99
0,2017-06-21 12:27:37,BUY,2673.06
0,2017-06-21 12:31:43,CLOSE,2670.0
0,2017-06-21 12:32:35,SELL,2673.97
0,2017-06-21 12:41:21,CLOSE,2680.2
0,2017-06-21 12:41:42,BUY,2679.52
0,2017-06-21 12:41:58,CLOSE,2680.96
0,2017-06-21 12:42:00,SELL,2682.08
0,2017-06-21 12:47:43,CLOSE,2680.11
0,2017-06-21 12:47:44,BUY,2680.09
0,2017-06-21 12:47:47,CLOSE,2682.78
0,2017-06-21 12:47:55,BUY,2675.47
0,2017-06-21 12:57:58,CLOSE,2670.88
0,2017-06-21 12:59:27,SELL,2674.6
0,2017-06-21 13:04:06,CLOSE,2681.5
0,2017-06-21 13:04:39,BUY,2676.98
0,2017-06-21 13:05:21,CLOSE,2684.54
0,2017-06-21 13:07:41,BUY,2669.59
0,2017-06-21 13:11:03,CLOSE,2663.49
0,2017-06-21 13:11:17,SELL,2664.0
0,2017-06-21 13:26:12,CLOSE,2694.94
0,2017-06-21 13:30:23,SELL,2695.9
0,2017-06-21 13:55:46,CLOSE,2704.56
0,2017-06-21 13:55:56,BUY,2698.26
0,2017-06-21 14:15:14,CLOSE,2672.99
0,2017-06-21 14:17:30,BUY,2669.85
0,2017-06-21 14:20:08,CLOSE,2670.7
0,2017-06-21 14:20:38,SELL,2670.85
0,2017-06-21 14:26:29,CLOSE,2670.72
0,2017-06-21 14:26:39,BUY,2670.01
0,2017-06-21 14:33:36,CLOSE,2659.38
0,2017-06-21 14:37:19,BUY,2653.88
0,2017-06-21 14:37:50,CLOSE,2657.91
0,2017-06-21 14:39:46,SELL,2659.36
0,2017-06-21 14:40:50,CLOSE,2651.95
0,2017-06-21 14:41:06,BUY,2650.0
0,2017-06-21 14:41:50,CLOSE,2659.28
0,2017-06-21 14:42:12,SELL,2658.24
0,2017-06-21 14:44:33,CLOSE,2657.36
0,2017-06-21 14:44:38,BUY,2655.0
0,2017-06-21 14:49:42,CLOSE,2651.15
0,2017-06-21 14:49:43,SELL,2659.96
0,2017-06-21 15:00:41,CLOSE,2660.0
0,2017-06-21 15:00:50,BUY,2659.38
0,2017-06-21 15:01:23,CLOSE,2662.09
0,2017-06-21 15:05:41,SELL,2662.9
0,2017-06-21 15:12:09,CLOSE,2669.0
0,2017-06-21 15:19:24,SELL,2669.1
0,2017-06-21 15:20:50,CLOSE,2669.0
0,2017-06-21 15:21:03,SELL,2669.15
0,2017-06-21 15:21:41,CLOSE,2669.0
0,2017-06-21 15:24:34,BUY,2663.19
0,2017-06-21 15:25:49,CLOSE,2669.84
0,2017-06-21 15:26:24,SELL,2674.2
0,2017-06-21 15:29:50,CLOSE,2686.24
0,2017-06-21 15:31:01,BUY,2686.23
0,2017-06-21 15:33:11,CLOSE,2686.57
0,2017-06-21 15:33:29,SELL,2687.86
0,2017-06-21 15:48:58,CLOSE,2705.92
0,2017-06-21 15:48:59,BUY,2705.98
0,2017-06-21 15:53:45,CLOSE,2682.0
0,2017-06-21 15:57:36,BUY,2674.99
0,2017-06-21 16:03:54,CLOSE,2679.89
0,2017-06-21 16:04:30,SELL,2684.25
0,2017-06-21 16:06:19,CLOSE,2683.32
0,2017-06-21 16:07:42,SELL,2701.9
0,2017-06-21 16:17:25,CLOSE,2702.7
0,2017-06-21 16:17:28,BUY,2702.85
0,2017-06-21 16:49:14,CLOSE,2631.39
0,2017-06-21 16:49:15,SELL,2644.6
0,2017-06-21 16:50:14,CLOSE,2636.11
0,2017-06-21 16:50:21,SELL,2652.0
0,2017-06-21 16:51:26,CLOSE,2644.03
0,2017-06-21 16:52:26,SELL,2651.93
0,2017-06-21 17:07:39,CLOSE,2644.15
0,2017-06-21 17:16:12,SELL,2656.93
0,2017-06-21 17:25:12,CLOSE,2650.14
0,2017-06-21 17:25:22,BUY,2650.2
0,2017-06-21 17:32:50,CLOSE,2649.29
0,2017-06-21 17:32:51,SELL,2652.59
0,2017-06-21 17:33:36,CLOSE,2647.36
0,2017-06-21 17:44:22,BUY,2649.28
0,2017-06-21 17:51:30,CLOSE,2660.89
0,2017-06-21 17:51:59,SELL,2660.87
0,2017-06-21 18:00:04,CLOSE,2649.79
0,2017-06-21 18:00:12,BUY,2650.08
0,2017-06-21 18:04:03,CLOSE,2658.28
0,2017-06-21 18:04:09,SELL,2657.91
0,2017-06-21 18:10:14,CLOSE,2648.68
0,2017-06-21 18:11:10,BUY,2640.02
0,2017-06-21 18:17:07,CLOSE,2649.6
0,2017-06-21 18:17:38,SELL,2649.6
0,2017-06-21 18:26:50,CLOSE,2651.13
0,2017-06-21 18:27:14,BUY,2650.08
0,2017-06-21 18:33:49,CLOSE,2630.11
0,2017-06-21 18:34:23,SELL,2630.1
0,2017-06-21 18:36:11,CLOSE,2615.47
0,2017-06-21 18:39:50,BUY,2600.0
0,2017-06-21 19:01:25,CLOSE,2561.0
0,2017-06-21 19:02:58,SELL,2562.0
0,2017-06-21 19:06:28,CLOSE,2595.91
0,2017-06-21 19:10:29,BUY,2590.05
0,2017-06-21 19:20:11,CLOSE,2591.99
0,2017-06-21 19:20:52,SELL,2591.92
0,2017-06-21 19:24:59,CLOSE,2585.78
0,2017-06-21 19:25:23,BUY,2585.85
0,2017-06-21 19:28:33,CLOSE,2585.9
0,2017-06-21 19:32:21,SELL,2596.42
0,2017-06-21 19:35:40,CLOSE,2587.64
0,2017-06-21 19:40:20,BUY,2588.94
0,2017-06-21 19:41:00,CLOSE,2596.43
0,2017-06-21 19:41:02,BUY,2587.08
0,2017-06-21 19:48:17,CLOSE,2580.22
0,2017-06-21 19:50:45,SELL,2580.19
0,2017-06-21 19:59:37,CLOSE,2583.65
0,2017-06-21 20:00:11,BUY,2579.5
0,2017-06-21 20:03:29,CLOSE,2587.53
0,2017-06-21 20:04:25,SELL,2596.54
0,2017-06-21 20:06:30,CLOSE,2575.0
0,2017-06-21 20:11:12,SELL,2584.75
0,2017-06-21 20:13:02,CLOSE,2575.0
0,2017-06-21 20:16:27,BUY,2569.99
0,2017-06-21 20:16:31,CLOSE,2587.21
0,2017-06-21 20:21:25,SELL,2580.53
0,2017-06-21 20:21:30,CLOSE,2570.24
0,2017-06-21 20:22:34,SELL,2580.7
0,2017-06-21 20:30:56,CLOSE,2628.77
0,2017-06-21 20:33:53,BUY,2630.66
0,2017-06-21 20:39:53,CLOSE,2635.98
0,2017-06-21 20:44:04,SELL,2644.45
0,2017-06-21 20:59:13,CLOSE,2643.0
0,2017-06-21 21:05:06,SELL,2644.0
0,2017-06-21 21:22:08,CLOSE,2672.14
0,2017-06-21 21:27:14,BUY,2673.6
0,2017-06-21 21:33:28,CLOSE,2674.41
0,2017-06-21 21:35:33,BUY,2666.45
0,2017-06-21 21:54:02,CLOSE,2665.4
0,2017-06-21 22:01:27,BUY,2650.0
0,2017-06-21 22:07:46,CLOSE,2658.77
0,2017-06-21 22:12:09,BUY,2642.92
0,2017-06-21 22:20:40,CLOSE,2633.79
0,2017-06-21 22:20:42,BUY,2627.55
0,2017-06-21 22:28:22,CLOSE,2612.7
0,2017-06-21 22:31:05,SELL,2612.87
0,2017-06-21 22:38:46,CLOSE,2622.22
0,2017-06-21 22:39:17,BUY,2619.36
0,2017-06-21 22:43:09,CLOSE,2620.79
0,2017-06-21 22:43:14,SELL,2622.19
0,2017-06-21 23:03:19,CLOSE,2633.0
0,2017-06-21 23:03:24,BUY,2632.5
0,2017-06-21 23:07:49,CLOSE,2633.81
0,2017-06-21 23:11:15,BUY,2625.68
0,2017-06-21 23:13:48,CLOSE,2624.04
0,2017-06-21 23:18:26,BUY,2620.0
0,2017-06-21 23:21:39,CLOSE,2624.14
0,2017-06-21 23:22:10,SELL,2624.87
0,2017-06-21 23:33:24,CLOSE,2630.05
0,2017-06-21 23:35:11,BUY,2629.14
0,2017-06-21 23:36:07,CLOSE,2630.6
0,2017-06-21 23:40:34,SELL,2641.75
0,2017-06-21 23:43:01,CLOSE,2610.58
0,2017-06-21 23:45:52,SELL,2630.02
0,2017-06-21 23:52:36,CLOSE,2629.82
0,2017-06-21 23:52:42,BUY,2629.74
0,2017-06-21 23:55:49,CLOSE,2627.45
0,2017-06-21 23:56:33,SELL,2628.45
0,2017-06-22 00:10:00,CLOSE,2629.0
0,2017-06-22 00:11:13,BUY,2629.0
0,2017-06-22 00:12:47,CLOSE,2629.53
0,2017-06-22 00:13:52,SELL,2629.35
0,2017-06-22 00:14:20,CLOSE,2625.13
0,2017-06-22 00:18:55,SELL,2634.0
0,2017-06-22 00:24:15,CLOSE,2636.95
0,2017-06-22 00:29:28,SELL,2647.64
0,2017-06-22 00:36:27,CLOSE,2640.0
0,2017-06-22 00:36:49,BUY,2636.91
0,2017-06-22 00:40:26,CLOSE,2643.24
0,2017-06-22 00:42:32,SELL,2644.72
0,2017-06-22 00:51:00,CLOSE,2645.51
0,2017-06-22 00:52:33,BUY,2639.96
0,2017-06-22 01:00:55,CLOSE,2634.98
0,2017-06-22 01:01:57,SELL,2638.0
0,2017-06-22 01:06:41,CLOSE,2639.0
0,2017-06-22 01:08:26,BUY,2635.45
0,2017-06-22 01:10:19,CLOSE,2638.75
0,2017-06-22 01:11:21,BUY,2628.14
0,2017-06-22 01:15:07,CLOSE,2635.79
0,2017-06-22 01:15:08,SELL,2634.97
0,2017-06-22 01:22:15,CLOSE,2634.34
0,2017-06-22 01:23:43,BUY,2634.34
0,2017-06-22 01:32:24,CLOSE,2628.51
0,2017-06-22 01:37:25,BUY,2624.45
0,2017-06-22 01:39:42,CLOSE,2622.7
0,2017-06-22 01:44:23,BUY,2622.01
0,2017-06-22 01:53:03,CLOSE,2612.35
0,2017-06-22 01:53:33,SELL,2612.4
0,2017-06-22 01:54:51,CLOSE,2610.0
0,2017-06-22 01:56:24,BUY,2606.56
0,2017-06-22 02:00:37,CLOSE,2599.39
0,2017-06-22 02:02:54,SELL,2599.91
0,2017-06-22 02:04:14,CLOSE,2599.34
0,2017-06-22 02:11:59,SELL,2600.8
0,2017-06-22 02:26:26,CLOSE,2611.1
0,2017-06-22 02:26:52,BUY,2610.44
0,2017-06-22 02:30:14,CLOSE,2609.34
0,2017-06-22 02:30:29,SELL,2609.55
0,2017-06-22 02:37:04,CLOSE,2617.8
0,2017-06-22 02:41:59,SELL,2624.0
0,2017-06-22 02:50:25,CLOSE,2624.77
0,2017-06-22 02:51:12,BUY,2620.0
0,2017-06-22 03:08:51,CLOSE,2616.08
0,2017-06-22 03:08:52,SELL,2616.7
0,2017-06-22 03:30:05,CLOSE,2625.11
0,2017-06-22 03:31:02,SELL,2627.94
0,2017-06-22 03:39:49,CLOSE,2632.0
0,2017-06-22 03:41:01,SELL,2637.29
0,2017-06-22 03:48:06,CLOSE,2642.0
0,2017-06-22 03:48:23,BUY,2641.93
0,2017-06-22 04:02:27,CLOSE,2636.94
0,2017-06-22 04:02:36,SELL,2640.0
0,2017-06-22 04:14:32,CLOSE,2641.1
0,2017-06-22 04:18:41,BUY,2638.39
0,2017-06-22 04:41:30,CLOSE,2627.96
0,2017-06-22 04:42:10,SELL,2627.95
0,2017-06-22 05:09:30,CLOSE,2647.0
0,2017-06-22 05:11:35,BUY,2645.31
0,2017-06-22 05:42:53,CLOSE,2629.86
0,2017-06-22 06:00:46,SELL,2629.94
0,2017-06-22 06:11:04,CLOSE,2632.99
0,2017-06-22 06:13:58,BUY,2633.01
0,2017-06-22 06:34:13,CLOSE,2626.63
0,2017-06-22 06:34:35,SELL,2628.54
0,2017-06-22 07:18:03,CLOSE,2668.4
0,2017-06-22 07:18:22,BUY,2668.22
0,2017-06-22 07:20:00,CLOSE,2668.97
0,2017-06-22 07:22:43,SELL,2670.0
0,2017-06-22 07:27:19,CLOSE,2673.39
0,2017-06-22 07:27:50,BUY,2672.83
0,2017-06-22 07:31:30,CLOSE,2674.16
0,2017-06-22 07:37:10,BUY,2666.42
0,2017-06-22 07:41:20,CLOSE,2667.5
0,2017-06-22 07:41:29,SELL,2667.64
0,2017-06-22 07:51:20,CLOSE,2671.7
0,2017-06-22 07:51:52,BUY,2667.89
0,2017-06-22 07:57:04,CLOSE,2669.73
0,2017-06-22 07:57:13,SELL,2671.3
0,2017-06-22 08:10:36,CLOSE,2670.16
0,2017-06-22 08:11:40,BUY,2670.24
0,2017-06-22 08:39:39,CLOSE,2653.35
0,2017-06-22 08:44:58,SELL,2655.45
0,2017-06-22 08:52:14,CLOSE,2660.65
0,2017-06-22 09:08:22,BUY,2663.5
0,2017-06-22 09:13:47,CLOSE,2664.5
0,2017-06-22 09:13:49,SELL,2665.8
0,2017-06-22 09:20:03,CLOSE,2664.8
0,2017-06-22 09:20:14,BUY,2661.94
0,2017-06-22 09:25:02,CLOSE,2663.46
0,2017-06-22 09:25:17,SELL,2664.98
0,2017-06-22 09:28:29,CLOSE,2662.26
0,2017-06-22 09:29:02,SELL,2666.0
0,2017-06-22 09:29:46,CLOSE,2662.75
0,2017-06-22 09:35:48,SELL,2662.9
0,2017-06-22 09:43:52,CLOSE,2665.17
0,2017-06-22 09:44:04,BUY,2663.49
0,2017-06-22 09:49:19,CLOSE,2659.28
0,2017-06-22 09:49:23,SELL,2661.63
0,2017-06-22 09:57:36,CLOSE,2671.28
0,2017-06-22 09:58:28,BUY,2669.7
0,2017-06-22 10:04:18,CLOSE,2663.8
0,2017-06-22 10:04:45,SELL,2665.0
0,2017-06-22 10:07:52,CLOSE,2666.41
0,2017-06-22 10:08:59,SELL,2667.78
0,2017-06-22 10:25:29,CLOSE,2688.01
0,2017-06-22 10:25:42,BUY,2688.0
0,2017-06-22 10:33:01,CLOSE,2680.97
0,2017-06-22 10:33:02,SELL,2681.49
0,2017-06-22 10:36:14,CLOSE,2682.01
0,2017-06-22 10:38:17,BUY,2681.14
0,2017-06-22 10:44:03,CLOSE,2683.3
0,2017-06-22 10:44:04,SELL,2685.38
0,2017-06-22 10:52:32,CLOSE,2686.26
0,2017-06-22 10:54:03,BUY,2685.0
0,2017-06-22 10:55:51,CLOSE,2688.9
0,2017-06-22 10:58:39,BUY,2686.08
0,2017-06-22 11:00:19,CLOSE,2687.28
0,2017-06-22 11:00:35,SELL,2687.78
0,2017-06-22 11:01:42,CLOSE,2685.23
0,2017-06-22 11:02:11,BUY,2685.81
0,2017-06-22 11:04:26,CLOSE,2689.28
0,2017-06-22 11:04:28,SELL,2689.93
0,2017-06-22 11:04:29,CLOSE,2687.35
0,2017-06-22 11:05:41,BUY,2687.67
0,2017-06-22 11:07:45,CLOSE,2688.99
0,2017-06-22 11:07:58,BUY,2685.46
0,2017-06-22 11:08:22,CLOSE,2688.99
0,2017-06-22 11:10:28,SELL,2690.99
0,2017-06-22 11:12:19,CLOSE,2689.77
0,2017-06-22 11:16:46,BUY,2688.89
0,2017-06-22 11:17:30,CLOSE,2690.96
0,2017-06-22 11:18:09,BUY,2688.99
0,2017-06-22 11:23:46,CLOSE,2691.3
0,2017-06-22 11:28:19,SELL,2688.81
0,2017-06-22 11:28:54,CLOSE,2685.94
0,2017-06-22 11:34:53,SELL,2689.16
0,2017-06-22 11:36:53,CLOSE,2685.78
0,2017-06-22 11:42:11,SELL,2692.49
0,2017-06-22 11:43:14,CLOSE,2691.86
0,2017-06-22 11:45:21,SELL,2695.0
0,2017-06-22 11:49:01,CLOSE,2698.0
0,2017-06-22 11:55:27,SELL,2700.0
0,2017-06-22 11:55:44,CLOSE,2699.98
0,2017-06-22 12:01:41,SELL,2700.5
0,2017-06-22 12:04:38,CLOSE,2705.3
0,2017-06-22 12:06:22,BUY,2701.53
0,2017-06-22 12:08:52,CLOSE,2705.23
0,2017-06-22 12:09:49,BUY,2701.02
0,2017-06-22 12:12:48,CLOSE,2704.31
0,2017-06-22 12:13:02,SELL,2704.31
0,2017-06-22 12:13:49,CLOSE,2702.05
0,2017-06-22 12:13:57,SELL,2705.69
0,2017-06-22 12:14:03,CLOSE,2702.05
0,2017-06-22 12:14:41,BUY,2701.01
0,2017-06-22 12:16:38,CLOSE,2705.84
0,2017-06-22 12:19:35,BUY,2704.59
0,2017-06-22 12:22:37,CLOSE,2702.98
0,2017-06-22 12:30:40,BUY,2691.82
0,2017-06-22 12:32:34,CLOSE,2696.76
0,2017-06-22 12:32:38,SELL,2699.75
0,2017-06-22 12:36:26,CLOSE,2697.76
0,2017-06-22 12:39:04,SELL,2702.83
0,2017-06-22 12:39:08,CLOSE,2698.71
0,2017-06-22 12:39:10,SELL,2702.83
0,2017-06-22 12:39:25,CLOSE,2698.93
0,2017-06-22 12:45:31,BUY,2700.0
0,2017-06-22 12:49:19,CLOSE,2701.13
0,2017-06-22 12:49:20,SELL,2702.5
0,2017-06-22 13:06:31,CLOSE,2723.0
0,2017-06-22 13:08:00,BUY,2721.88
0,2017-06-22 13:10:03,CLOSE,2722.97
0,2017-06-22 13:13:45,BUY,2722.02
0,2017-06-22 13:17:05,CLOSE,2716.21
0,2017-06-22 13:21:08,BUY,2714.31
0,2017-06-22 13:24:27,CLOSE,2717.51
0,2017-06-22 13:27:37,BUY,2708.34
0,2017-06-22 13:31:43,CLOSE,2707.63
0,2017-06-22 13:31:54,BUY,2700.82
0,2017-06-22 13:32:11,CLOSE,2706.75
0,2017-06-22 13:32:25,BUY,2700.37
0,2017-06-22 13:33:29,CLOSE,2705.96
0,2017-06-22 13:38:28,SELL,2706.0
0,2017-06-22 13:44:00,CLOSE,2708.39
0,2017-06-22 13:44:31,BUY,2706.98
0,2017-06-22 13:45:32,CLOSE,2712.94
0,2017-06-22 13:45:35,SELL,2714.98
0,2017-06-22 13:47:20,CLOSE,2705.7
0,2017-06-22 13:52:58,SELL,2717.87
0,2017-06-22 13:53:33,CLOSE,2714.41
0,2017-06-22 13:55:30,SELL,2718.1
0,2017-06-22 13:56:45,CLOSE,2715.5
0,2017-06-22 13:56:56,BUY,2713.43
0,2017-06-22 13:58:13,CLOSE,2717.94
0,2017-06-22 14:02:24,SELL,2715.53
0,2017-06-22 14:08:08,CLOSE,2715.93
0,2017-06-22 14:09:11,BUY,2715.4
0,2017-06-22 14:09:24,CLOSE,2719.64
0,2017-06-22 14:09:35,BUY,2712.26
0,2017-06-22 14:09:54,CLOSE,2718.2
0,2017-06-22 14:12:51,BUY,2710.0
0,2017-06-22 14:14:47,CLOSE,2714.89
0,2017-06-22 14:18:52,BUY,2715.0
0,2017-06-22 14:19:06,CLOSE,2717.82
0,2017-06-22 14:21:24,SELL,2716.99
0,2017-06-22 14:22:49,CLOSE,2716.4
0,2017-06-22 14:23:15,SELL,2717.53
0,2017-06-22 14:33:26,CLOSE,2717.81
0,2017-06-22 14:33:44,BUY,2711.45
0,2017-06-22 14:41:25,CLOSE,2711.91
0,2017-06-22 14:46:18,BUY,2709.92
0,2017-06-22 15:03:06,CLOSE,2704.74
0,2017-06-22 15:03:38,SELL,2704.74
0,2017-06-22 15:15:21,CLOSE,2702.6
0,2017-06-22 15:15:22,BUY,2702.61
0,2017-06-22 15:17:25,CLOSE,2702.07
0,2017-06-22 15:17:27,SELL,2702.29
0,2017-06-22 15:21:38,CLOSE,2701.53
0,2017-06-22 15:21:42,BUY,2701.54
0,2017-06-22 15:28:14,CLOSE,2699.99
0,2017-06-22 15:28:19,SELL,2701.5
0,2017-06-22 15:42:27,CLOSE,2702.35
0,2017-06-22 15:42:48,BUY,2702.91
0,2017-06-22 15:49:58,CLOSE,2707.16
0,2017-06-22 15:50:03,BUY,2700.22
0,2017-06-22 15:51:29,CLOSE,2707.43
0,2017-06-22 15:52:11,SELL,2709.99
0,2017-06-22 16:01:47,CLOSE,2712.95
0,2017-06-22 16:01:56,BUY,2711.8
0,2017-06-22 16:13:50,CLOSE,2698.74
0,2017-06-22 16:14:57,SELL,2699.4
0,2017-06-22 16:16:29,CLOSE,2698.17
0,2017-06-22 16:16:58,SELL,2704.46
0,2017-06-22 16:19:14,CLOSE,2697.74
0,2017-06-22 16:22:04,BUY,2696.0
0,2017-06-22 16:29:54,CLOSE,2689.59
0,2017-06-22 16:29:55,BUY,2686.5
0,2017-06-22 16:30:07,CLOSE,2689.25
0,2017-06-22 16:30:53,SELL,2689.89
0,2017-06-22 16:31:05,CLOSE,2685.55
0,2017-06-22 16:32:50,SELL,2691.0
0,2017-06-22 16:33:58,CLOSE,2685.38
0,2017-06-22 16:38:45,SELL,2691.82
0,2017-06-22 16:39:02,CLOSE,2675.01
0,2017-06-22 16:39:26,BUY,2675.58
0,2017-06-22 16:41:24,CLOSE,2688.44
0,2017-06-22 16:42:58,SELL,2689.55
0,2017-06-22 16:44:34,CLOSE,2680.88
0,2017-06-22 16:47:52,BUY,2680.0
0,2017-06-22 16:50:54,CLOSE,2690.96
0,2017-06-22 16:53:00,BUY,2680.08
0,2017-06-22 16:54:01,CLOSE,2689.7
0,2017-06-22 16:56:48,SELL,2695.54
0,2017-06-22 17:00:50,CLOSE,2688.01
0,2017-06-22 17:02:54,BUY,2688.17
0,2017-06-22 17:05:52,CLOSE,2694.89
0,2017-06-22 17:08:19,SELL,2698.87
0,2017-06-22 17:08:45,CLOSE,2693.1
0,2017-06-22 17:13:57,SELL,2699.0
0,2017-06-22 17:17:08,CLOSE,2699.24
0,2017-06-22 17:21:44,BUY,2690.01
0,2017-06-22 17:23:33,CLOSE,2693.89
0,2017-06-22 17:24:05,BUY,2680.72
0,2017-06-22 17:27:41,CLOSE,2688.35
0,2017-06-22 17:29:48,BUY,2685.01
0,2017-06-22 17:29:54,CLOSE,2690.9
0,2017-06-22 17:29:57,BUY,2685.78
0,2017-06-22 17:42:09,CLOSE,2680.88
0,2017-06-22 17:42:29,SELL,2681.26
0,2017-06-22 17:46:10,CLOSE,2675.89
0,2017-06-22 17:46:29,BUY,2673.79
0,2017-06-22 17:48:12,CLOSE,2676.46
0,2017-06-22 17:48:40,BUY,2671.45
0,2017-06-22 17:49:28,CLOSE,2674.99
0,2017-06-22 17:49:40,SELL,2675.07
0,2017-06-22 17:49:45,CLOSE,2670.92
0,2017-06-22 17:54:26,BUY,2666.36
0,2017-06-22 17:56:36,CLOSE,2669.73
0,2017-06-22 17:58:46,SELL,2671.81
0,2017-06-22 17:59:19,CLOSE,2665.52
0,2017-06-22 18:04:34,SELL,2670.81
0,2017-06-22 18:07:38,CLOSE,2676.18
0,2017-06-22 18:07:43,BUY,2673.8
0,2017-06-22 18:13:44,CLOSE,2669.39
0,2017-06-22 18:14:01,SELL,2673.01
0,2017-06-22 18:15:56,CLOSE,2669.0
0,2017-06-22 18:17:05,SELL,2675.52
0,2017-06-22 18:19:35,CLOSE,2675.0
0,2017-06-22 18:21:43,BUY,2675.89
0,2017-06-22 18:22:37,CLOSE,2677.0
0,2017-06-22 18:24:26,BUY,2674.78
0,2017-06-22 18:24:49,CLOSE,2677.55
0,2017-06-22 18:30:24,BUY,2667.32
0,2017-06-22 18:35:34,CLOSE,2659.86
0,2017-06-22 18:36:37,SELL,2662.0
0,2017-06-22 18:40:57,CLOSE,2665.0
0,2017-06-22 18:41:09,BUY,2665.01
0,2017-06-22 18:42:27,CLOSE,2667.0
0,2017-06-22 18:43:11,SELL,2667.82
0,2017-06-22 18:51:51,CLOSE,2683.0
0,2017-06-22 18:52:21,BUY,2681.5
0,2017-06-22 19:03:15,CLOSE,2681.84
0,2017-06-22 19:10:03,SELL,2682.6
0,2017-06-22 19:20:47,CLOSE,2687.34
0,2017-06-22 19:22:52,BUY,2687.47
0,2017-06-22 19:23:54,CLOSE,2691.77
0,2017-06-22 19:26:30,BUY,2689.22
0,2017-06-22 19:30:37,CLOSE,2692.71
0,2017-06-22 19:31:11,SELL,2694.16
0,2017-06-22 19:33:17,CLOSE,2690.38
0,2017-06-22 19:36:27,SELL,2697.94
0,2017-06-22 19:36:33,CLOSE,2694.96
0,2017-06-22 19:36:35,BUY,2695.0
0,2017-06-22 19:36:54,CLOSE,2697.94
0,2017-06-22 19:42:04,BUY,2696.19
0,2017-06-22 19:48:00,CLOSE,2695.17
0,2017-06-22 19:50:06,SELL,2694.9
0,2017-06-22 19:51:41,CLOSE,2689.98
0,2017-06-22 19:55:21,SELL,2693.36
0,2017-06-22 19:56:06,CLOSE,2687.94
0,2017-06-22 19:56:43,BUY,2685.2
0,2017-06-22 20:00:05,CLOSE,2683.2
0,2017-06-22 20:00:09,SELL,2683.07
0,2017-06-22 20:00:47,CLOSE,2677.01
0,2017-06-22 20:01:06,SELL,2683.72
0,2017-06-22 20:01:34,CLOSE,2677.23
0,2017-06-22 20:03:38,BUY,2677.05
0,2017-06-22 20:05:57,CLOSE,2679.9
0,2017-06-22 20:08:25,BUY,2673.74
0,2017-06-22 20:12:46,CLOSE,2673.26
0,2017-06-22 20:14:45,SELL,2676.24
0,2017-06-22 20:15:51,CLOSE,2672.27
0,2017-06-22 20:16:07,BUY,2672.27
0,2017-06-22 20:18:13,CLOSE,2673.32
0,2017-06-22 20:18:55,BUY,2665.0
0,2017-06-22 20:19:59,CLOSE,2669.63
0,2017-06-22 20:20:01,SELL,2670.85
0,2017-06-22 20:22:04,CLOSE,2665.02
0,2017-06-22 20:22:27,SELL,2671.94
0,2017-06-22 20:22:41,CLOSE,2665.0
0,2017-06-22 20:26:16,BUY,2665.0
0,2017-06-22 20:29:21,CLOSE,2675.0
0,2017-06-22 20:29:25,SELL,2678.95
0,2017-06-22 20:38:24,CLOSE,2679.27
0,2017-06-22 20:42:33,BUY,2677.82
0,2017-06-22 21:00:44,CLOSE,2681.0
0,2017-06-22 21:00:51,SELL,2681.76
0,2017-06-22 21:07:45,CLOSE,2686.99
0,2017-06-22 21:13:15,BUY,2684.32
0,2017-06-22 21:19:14,CLOSE,2685.8
0,2017-06-22 21:27:43,SELL,2696.0
0,2017-06-22 21:39:27,CLOSE,2689.3
0,2017-06-22 21:47:43,SELL,2700.7
0,2017-06-22 21:51:30,CLOSE,2708.25
0,2017-06-22 21:56:01,SELL,2715.0
0,2017-06-22 21:57:35,CLOSE,2711.55
0,2017-06-22 22:00:16,BUY,2707.12
0,2017-06-22 22:07:07,CLOSE,2704.38
0,2017-06-22 22:07:09,SELL,2704.28
0,2017-06-22 22:23:48,CLOSE,2707.94
0,2017-06-22 22:26:34,BUY,2707.95
0,2017-06-22 22:27:59,CLOSE,2712.99
0,2017-06-22 22:29:22,SELL,2714.69
0,2017-06-22 23:19:35,CLOSE,2736.93
0,2017-06-22 23:28:02,BUY,2736.01
0,2017-06-22 23:33:39,CLOSE,2735.02
0,2017-06-22 23:33:44,BUY,2732.12
0,2017-06-22 23:36:31,CLOSE,2732.49
0,2017-06-22 23:36:53,BUY,2732.02
0,2017-06-22 23:41:05,CLOSE,2722.99
0,2017-06-22 23:47:30,BUY,2718.91
0,2017-06-22 23:50:47,CLOSE,2718.7
0,2017-06-23 00:13:33,BUY,2718.92
0,2017-06-23 00:19:33,CLOSE,2714.98
0,2017-06-23 00:19:52,SELL,2716.93
0,2017-06-23 00:29:18,CLOSE,2716.31
0,2017-06-23 00:29:27,SELL,2718.98
0,2017-06-23 00:30:31,CLOSE,2716.4
0,2017-06-23 00:34:31,BUY,2713.18
0,2017-06-23 00:42:52,CLOSE,2716.24
0,2017-06-23 00:47:16,SELL,2720.25
0,2017-06-23 00:49:51,CLOSE,2719.11
0,2017-06-23 00:56:13,SELL,2719.78
0,2017-06-23 01:01:21,CLOSE,2719.87
0,2017-06-23 01:01:23,SELL,2720.6
0,2017-06-23 01:41:32,CLOSE,2724.01
0,2017-06-23 01:41:48,BUY,2724.0
0,2017-06-23 01:46:04,CLOSE,2721.66
0,2017-06-23 01:52:51,BUY,2721.31
0,2017-06-23 02:03:14,CLOSE,2723.49
0,2017-06-23 02:04:47,SELL,2723.17
0,2017-06-23 02:17:48,CLOSE,2723.19
0,2017-06-23 02:23:28,BUY,2721.51
0,2017-06-23 02:47:11,CLOSE,2716.93
0,2017-06-23 02:47:21,SELL,2717.44
0,2017-06-23 03:02:50,CLOSE,2727.01
0,2017-06-23 03:02:59,BUY,2726.0
0,2017-06-23 03:32:21,CLOSE,2699.29
0,2017-06-23 03:35:21,BUY,2695.55
0,2017-06-23 03:39:04,CLOSE,2701.79
0,2017-06-23 03:39:36,SELL,2701.15
0,2017-06-23 03:57:49,CLOSE,2706.55
0,2017-06-23 04:01:59,BUY,2705.34
0,2017-06-23 04:06:08,CLOSE,2709.0
0,2017-06-23 04:10:23,SELL,2710.36
0,2017-06-23 04:12:26,CLOSE,2709.01
0,2017-06-23 04:12:57,SELL,2712.75
0,2017-06-23 04:19:10,CLOSE,2709.42
0,2017-06-23 04:31:08,BUY,2709.8
0,2017-06-23 04:35:10,CLOSE,2711.91
0,2017-06-23 04:39:17,BUY,2706.24
0,2017-06-23 04:42:38,CLOSE,2706.76
0,2017-06-23 04:45:52,SELL,2707.06
0,2017-06-23 04:47:48,CLOSE,2705.0
0,2017-06-23 04:48:37,SELL,2707.88
0,2017-06-23 04:51:57,CLOSE,2705.25
0,2017-06-23 04:53:03,BUY,2703.73
0,2017-06-23 04:54:48,CLOSE,2708.46
0,2017-06-23 04:55:42,BUY,2701.96
0,2017-06-23 04:56:39,CLOSE,2706.32
0,2017-06-23 04:58:56,SELL,2707.84
0,2017-06-23 04:59:13,CLOSE,2703.79
0,2017-06-23 05:06:00,BUY,2702.27
0,2017-06-23 05:23:12,CLOSE,2687.66
0,2017-06-23 05:28:03,BUY,2684.58
0,2017-06-23 05:37:25,CLOSE,2668.24
0,2017-06-23 05:37:43,SELL,2669.28
0,2017-06-23 05:38:10,CLOSE,2666.01
0,2017-06-23 05:41:24,BUY,2665.01
0,2017-06-23 05:42:19,CLOSE,2666.77
0,2017-06-23 05:42:24,SELL,2667.0
0,2017-06-23 05:44:31,CLOSE,2667.96
0,2017-06-23 05:45:22,SELL,2670.64
0,2017-06-23 05:46:37,CLOSE,2669.0
0,2017-06-23 05:47:07,SELL,2672.64
0,2017-06-23 05:48:30,CLOSE,2669.73
0,2017-06-23 05:50:38,SELL,2669.93
0,2017-06-23 05:53:49,CLOSE,2668.5
0,2017-06-23 05:57:26,SELL,2675.0
0,2017-06-23 05:58:53,CLOSE,2674.3
0,2017-06-23 05:59:14,BUY,2672.33
0,2017-06-23 05:59:42,CLOSE,2674.97
0,2017-06-23 05:59:52,SELL,2675.27
0,2017-06-23 06:02:15,CLOSE,2675.34
0,2017-06-23 06:02:42,BUY,2674.3
0,2017-06-23 06:04:11,CLOSE,2678.11
0,2017-06-23 06:06:01,BUY,2674.1
0,2017-06-23 06:06:09,CLOSE,2678.81
0,2017-06-23 06:18:21,BUY,2675.28
0,2017-06-23 06:26:51,CLOSE,2677.34
0,2017-06-23 06:27:05,SELL,2677.47
0,2017-06-23 06:30:42,CLOSE,2674.34
0,2017-06-23 06:34:20,BUY,2675.25
0,2017-06-23 06:36:44,CLOSE,2677.82
0,2017-06-23 06:36:55,SELL,2681.0
0,2017-06-23 06:41:36,CLOSE,2681.01
0,2017-06-23 06:44:42,BUY,2681.0
0,2017-06-23 06:46:56,CLOSE,2684.08
0,2017-06-23 06:50:25,BUY,2678.24
0,2017-06-23 06:53:17,CLOSE,2683.18
0,2017-06-23 06:53:48,SELL,2685.5
0,2017-06-23 06:54:09,CLOSE,2681.27
0,2017-06-23 06:54:20,SELL,2686.82
0,2017-06-23 06:54:37,CLOSE,2682.14
0,2017-06-23 06:56:33,BUY,2676.8
0,2017-06-23 06:58:13,CLOSE,2682.32
0,2017-06-23 06:58:14,SELL,2682.3
0,2017-06-23 06:58:44,CLOSE,2675.28
0,2017-06-23 07:04:27,SELL,2682.18
0,2017-06-23 07:17:38,CLOSE,2688.48
0,2017-06-23 07:21:02,SELL,2689.98
0,2017-06-23 07:22:43,CLOSE,2689.0
0,2017-06-23 07:25:14,SELL,2692.64
0,2017-06-23 07:31:09,CLOSE,2695.09
0,2017-06-23 07:33:30,SELL,2699.62
0,2017-06-23 07:35:55,CLOSE,2697.36
0,2017-06-23 07:45:24,SELL,2700.97
0,2017-06-23 07:52:06,CLOSE,2703.56
0,2017-06-23 07:53:03,BUY,2699.29
0,2017-06-23 07:57:31,CLOSE,2700.22
0,2017-06-23 07:57:38,SELL,2701.83
0,2017-06-23 07:57:45,CLOSE,2699.12
0,2017-06-23 07:58:04,SELL,2701.81
0,2017-06-23 07:59:19,CLOSE,2699.27
0,2017-06-23 08:00:29,BUY,2697.02
0,2017-06-23 08:04:08,CLOSE,2701.87
0,2017-06-23 08:05:42,SELL,2701.31
0,2017-06-23 08:08:30,CLOSE,2692.22
0,2017-06-23 08:08:49,BUY,2694.84
0,2017-06-23 08:14:03,CLOSE,2700.64
0,2017-06-23 08:20:48,BUY,2694.79
0,2017-06-23 08:23:56,CLOSE,2696.36
0,2017-06-23 08:26:02,SELL,2698.66
0,2017-06-23 08:28:07,CLOSE,2693.94
0,2017-06-23 08:28:37,BUY,2690.55
0,2017-06-23 08:34:33,CLOSE,2695.63
0,2017-06-23 08:35:22,BUY,2688.81
0,2017-06-23 08:38:53,CLOSE,2692.42
0,2017-06-23 08:39:34,SELL,2693.31
0,2017-06-23 08:41:51,CLOSE,2693.03
0,2017-06-23 08:42:12,BUY,2691.78
0,2017-06-23 08:43:44,CLOSE,2696.99
0,2017-06-23 08:44:14,SELL,2697.0
0,2017-06-23 08:52:31,CLOSE,2696.05
0,2017-06-23 08:57:45,SELL,2696.61
0,2017-06-23 09:00:26,CLOSE,2695.99
0,2017-06-23 09:02:31,BUY,2695.99
0,2017-06-23 09:22:25,CLOSE,2694.78
0,2017-06-23 09:23:27,SELL,2695.11
0,2017-06-23 09:30:12,CLOSE,2693.61
0,2017-06-23 09:45:17,SELL,2694.37
0,2017-06-23 09:48:14,CLOSE,2693.06
0,2017-06-23 09:50:53,BUY,2690.01
0,2017-06-23 10:14:41,CLOSE,2686.44
0,2017-06-23 10:15:09,SELL,2685.69
0,2017-06-23 10:16:10,CLOSE,2680.0
0,2017-06-23 10:22:25,SELL,2689.71
0,2017-06-23 10:39:03,CLOSE,2696.37
0,2017-06-23 10:41:51,SELL,2697.35
0,2017-06-23 10:55:47,CLOSE,2702.06
0,2017-06-23 10:57:19,BUY,2702.5
0,2017-06-23 11:05:45,CLOSE,2700.96
0,2017-06-23 11:06:12,SELL,2701.35
0,2017-06-23 11:14:57,CLOSE,2701.45
0,2017-06-23 11:20:45,BUY,2701.01
0,2017-06-23 11:21:02,CLOSE,2705.43
0,2017-06-23 11:22:32,BUY,2700.01
0,2017-06-23 11:23:38,CLOSE,2704.84
0,2017-06-23 11:26:51,BUY,2701.48
0,2017-06-23 11:27:24,CLOSE,2704.42
0,2017-06-23 11:31:25,SELL,2705.79
0,2017-06-23 11:35:41,CLOSE,2704.03
0,2017-06-23 11:37:57,SELL,2706.34
0,2017-06-23 11:38:07,CLOSE,2704.51
0,2017-06-23 11:38:16,SELL,2706.34
0,2017-06-23 11:38:18,CLOSE,2700.07
0,2017-06-23 11:43:37,SELL,2707.62
0,2017-06-23 11:46:09,CLOSE,2706.0
0,2017-06-23 11:49:19,BUY,2705.37
0,2017-06-23 11:49:35,CLOSE,2711.32
0,2017-06-23 11:52:30,SELL,2713.92
0,2017-06-23 11:59:20,CLOSE,2712.88
0,2017-06-23 12:02:28,BUY,2712.96
0,2017-06-23 12:04:03,CLOSE,2715.0
0,2017-06-23 12:04:30,SELL,2716.5
0,2017-06-23 12:08:46,CLOSE,2714.4
0,2017-06-23 12:14:42,SELL,2718.99
0,2017-06-23 12:28:09,CLOSE,2719.77
0,2017-06-23 12:28:51,BUY,2719.77
0,2017-06-23 12:45:38,CLOSE,2707.17
0,2017-06-23 12:46:06,BUY,2703.0
0,2017-06-23 12:49:30,CLOSE,2703.72
0,2017-06-23 12:51:04,BUY,2700.76
0,2017-06-23 12:52:29,CLOSE,2703.91
0,2017-06-23 12:56:10,SELL,2708.01
0,2017-06-23 13:07:38,CLOSE,2710.87
0,2017-06-23 13:07:49,BUY,2710.4
0,2017-06-23 13:18:41,CLOSE,2703.83
0,2017-06-23 13:22:00,SELL,2704.61
0,2017-06-23 13:33:34,CLOSE,2712.06
0,2017-06-23 13:33:58,BUY,2711.0
0,2017-06-23 13:34:30,CLOSE,2714.18
0,2017-06-23 13:35:33,SELL,2714.78
0,2017-06-23 13:41:47,CLOSE,2718.04
0,2017-06-23 13:41:48,SELL,2720.67
0,2017-06-23 13:41:52,CLOSE,2717.2
0,2017-06-23 13:43:57,BUY,2716.53
0,2017-06-23 13:45:23,CLOSE,2719.0
0,2017-06-23 13:47:11,SELL,2719.68
0,2017-06-23 13:50:32,CLOSE,2717.09
0,2017-06-23 13:50:52,BUY,2715.84
0,2017-06-23 13:54:54,CLOSE,2716.92
0,2017-06-23 13:55:05,SELL,2720.0
0,2017-06-23 14:03:40,CLOSE,2718.5
0,2017-06-23 14:08:10,BUY,2718.26
0,2017-06-23 14:08:29,CLOSE,2719.19
0,2017-06-23 14:26:11,BUY,2718.97
0,2017-06-23 14:27:15,CLOSE,2719.75
0,2017-06-23 14:29:51,SELL,2720.0
0,2017-06-23 14:42:08,CLOSE,2720.43
0,2017-06-23 14:42:36,BUY,2720.43
0,2017-06-23 14:44:54,CLOSE,2720.99
0,2017-06-23 14:49:07,BUY,2720.44
0,2017-06-23 15:06:33,CLOSE,2713.46
0,2017-06-23 15:08:59,BUY,2712.0
0,2017-06-23 15:12:01,CLOSE,2712.75
0,2017-06-23 15:13:54,BUY,2710.01
0,2017-06-23 15:20:11,CLOSE,2706.79
0,2017-06-23 15:22:04,BUY,2705.31
0,2017-06-23 15:22:29,CLOSE,2707.0
0,2017-06-23 15:28:40,SELL,2707.18
0,2017-06-23 15:31:52,CLOSE,2706.86
0,2017-06-23 15:34:58,BUY,2706.64
0,2017-06-23 15:38:22,CLOSE,2709.89
0,2017-06-23 15:41:35,BUY,2705.0
0,2017-06-23 15:46:12,CLOSE,2709.98
0,2017-06-23 15:46:22,BUY,2704.55
0,2017-06-23 16:10:30,CLOSE,2707.27
0,2017-06-23 16:24:05,SELL,2707.5
0,2017-06-23 16:32:01,CLOSE,2700.0
0,2017-06-23 16:32:43,BUY,2700.07
0,2017-06-23 16:37:55,CLOSE,2702.0
0,2017-06-23 16:49:46,SELL,2703.3
0,2017-06-23 17:04:16,CLOSE,2711.61
0,2017-06-23 17:04:39,BUY,2711.51
0,2017-06-23 17:07:28,CLOSE,2711.82
0,2017-06-23 17:08:54,BUY,2702.82
0,2017-06-23 17:11:59,CLOSE,2708.8
0,2017-06-23 17:14:13,SELL,2710.82
0,2017-06-23 17:15:49,CLOSE,2707.03
0,2017-06-23 17:17:24,SELL,2713.9
0,2017-06-23 17:22:49,CLOSE,2713.75
0,2017-06-23 17:23:12,BUY,2711.51
0,2017-06-23 17:27:14,CLOSE,2715.38
0,2017-06-23 17:33:45,BUY,2712.91
0,2017-06-23 17:40:33,CLOSE,2715.43
0,2017-06-23 17:49:59,BUY,2714.55
0,2017-06-23 17:50:13,CLOSE,2715.41
0,2017-06-23 17:51:34,BUY,2714.22
0,2017-06-23 17:52:07,CLOSE,2715.41
0,2017-06-23 17:53:11,BUY,2714.0
0,2017-06-23 17:53:22,CLOSE,2715.4
0,2017-06-23 18:00:52,BUY,2710.3
0,2017-06-23 18:02:30,CLOSE,2714.8
0,2017-06-23 18:04:23,BUY,2710.0
0,2017-06-23 18:25:08,CLOSE,2700.19
0,2017-06-23 18:25:39,SELL,2700.29
0,2017-06-23 18:25:56,CLOSE,2699.76
0,2017-06-23 18:26:04,BUY,2699.57
0,2017-06-23 18:32:57,CLOSE,2698.18
0,2017-06-23 18:38:17,SELL,2696.29
0,2017-06-23 18:46:39,CLOSE,2700.0
0,2017-06-23 18:51:45,SELL,2704.79
0,2017-06-23 18:54:31,CLOSE,2702.96
0,2017-06-23 18:58:16,SELL,2706.98
0,2017-06-23 18:59:26,CLOSE,2705.26
0,2017-06-23 19:00:23,SELL,2707.54
0,2017-06-23 19:03:07,CLOSE,2705.88
0,2017-06-23 19:07:16,BUY,2704.45
0,2017-06-23 19:14:20,CLOSE,2702.95
0,2017-06-23 19:18:08,BUY,2698.0
0,2017-06-23 19:20:38,CLOSE,2701.78
0,2017-06-23 19:22:13,SELL,2703.31
0,2017-06-23 19:25:23,CLOSE,2702.14
0,2017-06-23 19:25:24,BUY,2701.84
0,2017-06-23 19:26:57,CLOSE,2703.25
0,2017-06-23 19:32:57,SELL,2703.94
0,2017-06-23 19:36:18,CLOSE,2702.7
0,2017-06-23 19:36:37,BUY,2702.25
0,2017-06-23 19:38:12,CLOSE,2703.89
0,2017-06-23 19:39:04,BUY,2702.01
0,2017-06-23 19:39:13,CLOSE,2703.5
0,2017-06-23 19:39:24,BUY,2701.94
0,2017-06-23 19:42:55,CLOSE,2702.98
0,2017-06-23 19:44:29,BUY,2697.14
0,2017-06-23 19:45:33,CLOSE,2701.74
0,2017-06-23 19:46:42,BUY,2699.98
0,2017-06-23 19:49:43,CLOSE,2702.14
0,2017-06-23 19:56:32,BUY,2699.69
0,2017-06-23 20:08:07,CLOSE,2701.98
0,2017-06-23 20:12:29,BUY,2701.0
0,2017-06-23 20:14:00,CLOSE,2701.93
0,2017-06-23 20:15:37,BUY,2700.78
0,2017-06-23 20:19:07,CLOSE,2700.98
0,2017-06-23 20:19:17,SELL,2701.84
0,2017-06-23 20:25:09,CLOSE,2700.0
0,2017-06-23 20:29:24,BUY,2699.44
0,2017-06-23 20:46:46,CLOSE,2686.1
0,2017-06-23 20:47:52,SELL,2686.11
0,2017-06-23 21:44:06,CLOSE,2701.73
0,2017-06-23 21:44:16,BUY,2701.75
0,2017-06-23 21:46:32,CLOSE,2701.93
0,2017-06-23 22:01:28,SELL,2702.0
0,2017-06-23 22:20:08,CLOSE,2706.86
0,2017-06-23 22:22:00,BUY,2705.84
0,2017-06-23 22:23:16,CLOSE,2707.91
0,2017-06-23 22:26:23,SELL,2708.96
0,2017-06-23 22:27:14,CLOSE,2706.0
0,2017-06-23 22:27:22,BUY,2706.44
0,2017-06-23 22:33:30,CLOSE,2707.83
0,2017-06-23 22:37:39,BUY,2705.33
0,2017-06-23 22:39:59,CLOSE,2707.0
0,2017-06-23 22:43:29,BUY,2706.0
0,2017-06-23 22:51:52,CLOSE,2703.31
0,2017-06-23 22:56:07,BUY,2702.57
0,2017-06-23 23:04:33,CLOSE,2706.0
0,2017-06-23 23:06:28,SELL,2705.78
0,2017-06-23 23:15:39,CLOSE,2704.83
0,2017-06-23 23:16:28,BUY,2704.72
0,2017-06-23 23:31:02,CLOSE,2705.09
0,2017-06-23 23:31:33,SELL,2705.23
0,2017-06-23 23:58:01,CLOSE,2706.99
0,2017-06-23 23:59:55,BUY,2706.32
0,2017-06-24 00:10:56,CLOSE,2705.7
0,2017-06-24 00:11:12,SELL,2705.97
0,2017-06-24 00:15:52,CLOSE,2704.0
0,2017-06-24 00:16:17,BUY,2703.99
0,2017-06-24 00:25:08,CLOSE,2706.34
0,2017-06-24 00:25:09,SELL,2706.97
0,2017-06-24 00:28:48,CLOSE,2703.45
0,2017-06-24 00:28:50,BUY,2703.44
0,2017-06-24 00:36:36,CLOSE,2706.32
0,2017-06-24 00:50:38,BUY,2700.0
0,2017-06-24 00:54:21,CLOSE,2700.0
0,2017-06-24 00:57:03,BUY,2695.0
0,2017-06-24 00:58:53,CLOSE,2700.0
0,2017-06-24 01:12:09,SELL,2700.11
0,2017-06-24 01:12:47,CLOSE,2698.68
0,2017-06-24 01:13:10,BUY,2698.69
0,2017-06-24 01:15:27,CLOSE,2698.85
0,2017-06-24 01:16:59,SELL,2699.98
0,2017-06-24 01:18:38,CLOSE,2698.17
0,2017-06-24 01:46:46,SELL,2700.27
0,2017-06-24 02:00:04,CLOSE,2705.22
0,2017-06-24 02:04:53,BUY,2705.08
0,2017-06-24 02:10:08,CLOSE,2705.3
0,2017-06-24 02:16:00,SELL,2705.47
0,2017-06-24 02:49:59,CLOSE,2714.16
0,2017-06-24 03:04:19,SELL,2715.24
0,2017-06-24 03:10:17,CLOSE,2714.8
0,2017-06-24 03:13:17,SELL,2716.26
0,2017-06-24 03:19:16,CLOSE,2715.35
0,2017-06-24 03:19:19,BUY,2714.15
0,2017-06-24 03:20:08,CLOSE,2715.85
0,2017-06-24 03:32:27,BUY,2710.57
0,2017-06-24 03:37:30,CLOSE,2712.36
0,2017-06-24 03:41:17,BUY,2710.01
0,2017-06-24 03:51:07,CLOSE,2707.7
0,2017-06-24 03:51:41,SELL,2708.29
0,2017-06-24 03:54:25,CLOSE,2705.4
0,2017-06-24 04:04:50,SELL,2708.01
0,2017-06-24 04:07:51,CLOSE,2707.65
0,2017-06-24 04:08:26,BUY,2706.31
0,2017-06-24 04:10:02,CLOSE,2709.46
0,2017-06-24 04:11:41,BUY,2706.68
0,2017-06-24 04:11:46,CLOSE,2709.99
0,2017-06-24 04:19:52,SELL,2708.35
0,2017-06-24 04:26:11,CLOSE,2704.96
0,2017-06-24 04:37:42,SELL,2709.72
0,2017-06-24 04:41:21,CLOSE,2706.01
0,2017-06-24 04:48:05,BUY,2706.3
0,2017-06-24 04:51:29,CLOSE,2710.28
0,2017-06-24 04:59:41,BUY,2707.1
0,2017-06-24 05:03:18,CLOSE,2708.06
0,2017-06-24 05:11:05,BUY,2706.44
0,2017-06-24 05:14:26,CLOSE,2707.65
0,2017-06-24 05:15:14,BUY,2706.4
0,2017-06-24 05:16:59,CLOSE,2707.64
0,2017-06-24 05:22:40,BUY,2705.37
0,2017-06-24 05:24:03,CLOSE,2707.45
0,2017-06-24 05:31:18,BUY,2705.44
0,2017-06-24 05:37:01,CLOSE,2707.65
0,2017-06-24 05:43:14,BUY,2706.95
0,2017-06-24 06:01:26,CLOSE,2707.83
0,2017-06-24 06:01:27,SELL,2707.92
0,2017-06-24 06:07:07,CLOSE,2706.93
0,2017-06-24 06:07:11,BUY,2706.9
0,2017-06-24 06:14:54,CLOSE,2703.5
0,2017-06-24 06:19:04,SELL,2704.5
0,2017-06-24 06:20:10,CLOSE,2700.0
0,2017-06-24 06:20:42,BUY,2693.1
0,2017-06-24 06:25:09,CLOSE,2703.05
0,2017-06-24 06:25:30,SELL,2704.9
0,2017-06-24 06:33:25,CLOSE,2700.41
0,2017-06-24 06:33:31,BUY,2702.72
0,2017-06-24 06:37:41,CLOSE,2700.32
0,2017-06-24 06:37:55,BUY,2688.31
0,2017-06-24 06:38:00,CLOSE,2700.0
0,2017-06-24 06:57:25,SELL,2704.6
0,2017-06-24 07:08:02,CLOSE,2705.97
0,2017-06-24 07:08:18,BUY,2705.46
0,2017-06-24 07:12:27,CLOSE,2706.42
0,2017-06-24 07:13:56,SELL,2706.51
0,2017-06-24 07:21:16,CLOSE,2705.35
0,2017-06-24 07:23:07,BUY,2705.35
0,2017-06-24 07:45:43,CLOSE,2706.97
0,2017-06-24 08:09:05,SELL,2709.5
0,2017-06-24 08:43:12,CLOSE,2711.78
0,2017-06-24 08:46:49,BUY,2711.36
0,2017-06-24 08:49:25,CLOSE,2716.17
0,2017-06-24 08:52:28,BUY,2713.2
0,2017-06-24 08:55:41,CLOSE,2714.97
0,2017-06-24 09:03:21,BUY,2710.0
0,2017-06-24 09:08:36,CLOSE,2711.0
0,2017-06-24 09:15:21,SELL,2711.65
0,2017-06-24 09:16:23,CLOSE,2710.68
0,2017-06-24 09:16:25,BUY,2708.57
0,2017-06-24 09:17:25,CLOSE,2712.11
0,2017-06-24 09:24:40,SELL,2711.88
0,2017-06-24 09:28:50,CLOSE,2708.99
0,2017-06-24 09:35:35,BUY,2710.0
0,2017-06-24 09:38:25,CLOSE,2714.98
0,2017-06-24 09:40:48,SELL,2715.38
0,2017-06-24 09:44:48,CLOSE,2714.53
0,2017-06-24 09:45:26,SELL,2718.07
0,2017-06-24 09:55:29,CLOSE,2710.25
0,2017-06-24 09:56:21,BUY,2710.0
0,2017-06-24 09:58:32,CLOSE,2707.55
0,2017-06-24 10:01:46,BUY,2700.0
0,2017-06-24 10:14:48,CLOSE,2685.1
0,2017-06-24 10:14:51,SELL,2686.57
0,2017-06-24 10:19:06,CLOSE,2689.11
0,2017-06-24 10:23:17,SELL,2692.49
0,2017-06-24 10:29:45,CLOSE,2691.5
0,2017-06-24 10:31:33,BUY,2689.75
0,2017-06-24 10:36:10,CLOSE,2663.82
0,2017-06-24 10:37:39,SELL,2663.17
0,2017-06-24 10:41:39,CLOSE,2670.5
0,2017-06-24 10:43:17,BUY,2666.94
0,2017-06-24 10:45:01,CLOSE,2666.65
0,2017-06-24 10:45:32,SELL,2667.08
0,2017-06-24 10:49:41,CLOSE,2663.21
0,2017-06-24 10:50:01,BUY,2660.24
0,2017-06-24 11:01:16,CLOSE,2630.47
0,2017-06-24 11:01:17,SELL,2631.38
0,2017-06-24 11:08:25,CLOSE,2655.01
0,2017-06-24 11:08:28,BUY,2654.6
0,2017-06-24 11:13:10,CLOSE,2655.01
0,2017-06-24 11:14:43,SELL,2656.62
0,2017-06-24 11:19:55,CLOSE,2661.34
0,2017-06-24 11:19:58,BUY,2660.0
0,2017-06-24 11:21:10,CLOSE,2661.52
0,2017-06-24 11:25:18,BUY,2655.21
0,2017-06-24 11:27:42,CLOSE,2653.31
0,2017-06-24 11:33:11,SELL,2650.17
0,2017-06-24 11:36:55,CLOSE,2659.06
0,2017-06-24 11:38:05,BUY,2656.56
0,2017-06-24 11:42:19,CLOSE,2654.47
0,2017-06-24 11:47:05,BUY,2647.52
0,2017-06-24 12:00:07,CLOSE,2628.0
0,2017-06-24 12:02:21,SELL,2632.26
0,2017-06-24 12:15:34,CLOSE,2639.45
0,2017-06-24 12:20:47,SELL,2640.93
0,2017-06-24 12:24:25,CLOSE,2640.47
0,2017-06-24 12:26:26,SELL,2645.0
0,2017-06-24 13:03:53,CLOSE,2657.14
0,2017-06-24 13:04:34,BUY,2657.16
0,2017-06-24 13:34:33,CLOSE,2640.58
0,2017-06-24 13:34:47,SELL,2640.59
0,2017-06-24 13:40:02,CLOSE,2644.24
0,2017-06-24 13:40:16,BUY,2644.49
0,2017-06-24 14:03:30,CLOSE,2631.32
0,2017-06-24 14:03:34,SELL,2631.25
0,2017-06-24 14:14:00,CLOSE,2627.99
0,2017-06-24 14:14:20,BUY,2630.84
0,2017-06-24 14:15:28,CLOSE,2630.81
0,2017-06-24 14:17:19,BUY,2627.07
0,2017-06-24 14:18:34,CLOSE,2626.23
0,2017-06-24 14:20:17,SELL,2626.88
0,2017-06-24 14:25:33,CLOSE,2629.69
0,2017-06-24 14:27:56,BUY,2627.54
0,2017-06-24 14:31:16,CLOSE,2628.38
0,2017-06-24 14:31:18,SELL,2628.53
0,2017-06-24 14:31:59,CLOSE,2628.04
0,2017-06-24 14:32:09,SELL,2628.59
0,2017-06-24 14:37:54,CLOSE,2640.58
0,2017-06-24 14:38:20,BUY,2640.6
0,2017-06-24 15:09:25,CLOSE,2601.89
0,2017-06-24 15:10:35,BUY,2600.02
0,2017-06-24 15:16:44,CLOSE,2578.43
0,2017-06-24 15:16:47,SELL,2578.89
0,2017-06-24 15:19:59,CLOSE,2590.19
0,2017-06-24 15:20:02,BUY,2590.29
0,2017-06-24 15:27:26,CLOSE,2547.0
0,2017-06-24 15:28:30,SELL,2559.1
0,2017-06-24 15:30:02,CLOSE,2557.32
0,2017-06-24 15:30:08,BUY,2552.87
0,2017-06-24 15:32:07,CLOSE,2554.54
0,2017-06-24 15:33:10,SELL,2561.33
0,2017-06-24 15:39:40,CLOSE,2579.21
0,2017-06-24 15:39:55,BUY,2579.39
0,2017-06-24 15:43:35,CLOSE,2577.0
0,2017-06-24 15:44:10,SELL,2577.31
0,2017-06-24 15:48:14,CLOSE,2583.87
0,2017-06-24 15:48:39,BUY,2580.24
0,2017-06-24 15:49:21,CLOSE,2585.39
0,2017-06-24 15:50:51,BUY,2580.77
0,2017-06-24 15:51:24,CLOSE,2584.29
0,2017-06-24 15:51:38,BUY,2576.21
0,2017-06-24 15:56:08,CLOSE,2571.98
0,2017-06-24 15:56:40,SELL,2579.87
0,2017-06-24 15:58:39,CLOSE,2569.0
0,2017-06-24 16:01:53,SELL,2576.3
0,2017-06-24 16:04:34,CLOSE,2566.3
0,2017-06-24 16:04:42,BUY,2566.54
0,2017-06-24 16:08:39,CLOSE,2569.89
0,2017-06-24 16:09:45,BUY,2562.85
0,2017-06-24 16:10:45,CLOSE,2562.8
0,2017-06-24 16:13:21,SELL,2561.39
0,2017-06-24 16:14:23,CLOSE,2558.19
0,2017-06-24 16:17:08,SELL,2563.3
0,2017-06-24 16:24:43,CLOSE,2564.75
0,2017-06-24 16:24:49,BUY,2566.38
0,2017-06-24 16:35:35,CLOSE,2558.77
0,2017-06-24 16:37:56,SELL,2561.0
0,2017-06-24 16:44:47,CLOSE,2566.35
0,2017-06-24 16:45:04,BUY,2564.76
0,2017-06-24 16:53:32,CLOSE,2539.68
0,2017-06-24 16:53:45,BUY,2538.0
0,2017-06-24 16:56:34,CLOSE,2514.89
0,2017-06-24 16:56:55,SELL,2517.0
0,2017-06-24 16:58:16,CLOSE,2518.94
0,2017-06-24 16:58:18,BUY,2515.24
0,2017-06-24 16:59:48,CLOSE,2516.3
0,2017-06-24 17:00:28,BUY,2511.83
0,2017-06-24 17:01:13,CLOSE,2514.86
0,2017-06-24 17:01:22,SELL,2528.06
0,2017-06-24 17:03:59,CLOSE,2515.0
0,2017-06-24 17:04:01,BUY,2514.03
0,2017-06-24 17:06:29,CLOSE,2503.5
0,2017-06-24 17:06:35,SELL,2504.3
0,2017-06-24 17:09:32,CLOSE,2505.99
0,2017-06-24 17:11:13,SELL,2508.88
0,2017-06-24 17:19:31,CLOSE,2550.0
0,2017-06-24 17:19:48,BUY,2546.1
0,2017-06-24 17:34:13,CLOSE,2535.24
0,2017-06-24 17:34:24,SELL,2535.25
0,2017-06-24 17:42:08,CLOSE,2556.31
0,2017-06-24 17:45:13,SELL,2558.7
0,2017-06-24 17:45:14,CLOSE,2555.0
0,2017-06-24 17:46:46,BUY,2552.42
0,2017-06-24 17:48:50,CLOSE,2558.8
0,2017-06-24 17:49:30,SELL,2560.27
0,2017-06-24 17:52:13,CLOSE,2560.58
0,2017-06-24 17:52:22,BUY,2560.66
0,2017-06-24 17:52:28,CLOSE,2563.11
0,2017-06-24 17:52:42,BUY,2560.34
0,2017-06-24 17:53:24,CLOSE,2562.47
0,2017-06-24 17:53:31,SELL,2563.89
0,2017-06-24 17:55:32,CLOSE,2564.44
0,2017-06-24 17:59:15,SELL,2576.6
0,2017-06-24 18:05:39,CLOSE,2583.69
0,2017-06-24 18:05:41,BUY,2573.31
0,2017-06-24 18:11:17,CLOSE,2562.3
0,2017-06-24 18:11:35,SELL,2563.2
0,2017-06-24 18:18:03,CLOSE,2576.03
0,2017-06-24 18:20:02,BUY,2575.9
0,2017-06-24 18:22:27,CLOSE,2575.99
0,2017-06-24 18:24:50,SELL,2578.09
0,2017-06-24 18:27:30,CLOSE,2577.45
0,2017-06-24 18:30:48,SELL,2581.44
0,2017-06-24 18:43:51,CLOSE,2596.36
0,2017-06-24 18:43:52,BUY,2595.13
0,2017-06-24 18:48:49,CLOSE,2584.5
0,2017-06-24 18:51:17,SELL,2587.61
0,2017-06-24 18:55:05,CLOSE,2585.99
0,2017-06-24 18:57:40,SELL,2590.39
0,2017-06-24 19:04:33,CLOSE,2584.14
0,2017-06-24 19:04:50,BUY,2583.19
0,2017-06-24 19:08:53,CLOSE,2586.1
0,2017-06-24 19:10:13,SELL,2587.34
0,2017-06-24 19:20:27,CLOSE,2590.95
0,2017-06-24 19:20:39,BUY,2590.94
0,2017-06-24 19:22:49,CLOSE,2591.78
0,2017-06-24 19:23:54,BUY,2590.47
0,2017-06-24 19:26:46,CLOSE,2589.96
0,2017-06-24 19:27:04,BUY,2585.96
0,2017-06-24 19:28:34,CLOSE,2588.67
0,2017-06-24 19:29:02,BUY,2585.89
0,2017-06-24 19:38:01,CLOSE,2565.0
0,2017-06-24 19:39:58,SELL,2569.98
0,2017-06-24 19:40:52,CLOSE,2562.82
0,2017-06-24 19:40:58,BUY,2558.43
0,2017-06-24 19:43:17,CLOSE,2557.3
0,2017-06-24 19:44:10,SELL,2560.21
0,2017-06-24 19:47:49,CLOSE,2557.84
0,2017-06-24 19:52:20,BUY,2555.37
0,2017-06-24 19:53:18,CLOSE,2556.59
0,2017-06-24 19:54:07,SELL,2557.98
0,2017-06-24 19:54:37,CLOSE,2555.35
0,2017-06-24 20:02:30,SELL,2557.0
0,2017-06-24 20:06:25,CLOSE,2557.1
0,2017-06-24 20:06:40,BUY,2557.1
0,2017-06-24 20:07:54,CLOSE,2557.13
0,2017-06-24 20:09:18,BUY,2557.08
0,2017-06-24 20:19:42,CLOSE,2542.91
0,2017-06-24 20:20:48,SELL,2545.69
0,2017-06-24 20:23:25,CLOSE,2546.06
0,2017-06-24 20:28:09,BUY,2544.85
0,2017-06-24 20:28:16,CLOSE,2545.02
0,2017-06-24 20:28:26,SELL,2549.85
0,2017-06-24 20:30:50,CLOSE,2548.85
0,2017-06-24 20:31:04,SELL,2554.92
0,2017-06-24 20:37:16,CLOSE,2577.8
0,2017-06-24 20:38:36,BUY,2576.25
0,2017-06-24 20:51:41,CLOSE,2576.75
0,2017-06-24 20:57:56,BUY,2574.84
0,2017-06-24 21:13:07,CLOSE,2565.5
0,2017-06-24 21:13:39,SELL,2566.54
0,2017-06-24 21:23:55,CLOSE,2567.39
0,2017-06-24 21:24:09,BUY,2566.91
0,2017-06-24 21:32:01,CLOSE,2563.12
0,2017-06-24 21:32:22,SELL,2563.11
0,2017-06-24 21:32:36,CLOSE,2557.5
0,2017-06-24 21:36:59,BUY,2555.46
0,2017-06-24 21:38:50,CLOSE,2555.89
0,2017-06-24 21:40:05,BUY,2554.01
0,2017-06-24 21:42:54,CLOSE,2547.09
0,2017-06-24 21:44:56,BUY,2542.0
0,2017-06-24 21:45:08,CLOSE,2548.81
0,2017-06-24 21:45:40,SELL,2549.98
0,2017-06-24 21:46:29,CLOSE,2542.0
0,2017-06-24 21:49:26,SELL,2544.5
0,2017-06-24 21:51:41,CLOSE,2543.16
0,2017-06-24 21:51:47,BUY,2541.77
0,2017-06-24 21:54:36,CLOSE,2544.47
0,2017-06-24 21:55:22,SELL,2545.0
0,2017-06-24 22:04:02,CLOSE,2541.3
0,2017-06-24 22:07:47,BUY,2544.01
0,2017-06-24 22:10:56,CLOSE,2531.78
0,2017-06-24 22:13:33,SELL,2528.93
0,2017-06-24 22:16:27,CLOSE,2530.04
0,2017-06-24 22:18:45,BUY,2526.0
0,2017-06-24 22:22:33,CLOSE,2527.54
0,2017-06-24 22:22:34,SELL,2528.89
0,2017-06-24 22:24:56,CLOSE,2526.44
0,2017-06-24 22:24:57,BUY,2526.45
0,2017-06-24 22:31:37,CLOSE,2508.0
0,2017-06-24 22:32:21,SELL,2509.99
0,2017-06-24 22:40:25,CLOSE,2525.25
0,2017-06-24 22:42:42,BUY,2520.02
0,2017-06-24 22:44:49,CLOSE,2525.79
0,2017-06-24 22:44:52,SELL,2525.67
0,2017-06-24 22:49:38,CLOSE,2525.86
0,2017-06-24 22:50:25,BUY,2524.35
0,2017-06-24 22:56:10,CLOSE,2525.0
0,2017-06-24 22:56:12,SELL,2528.72
0,2017-06-24 22:57:08,CLOSE,2526.27
0,2017-06-24 22:57:13,BUY,2526.28
0,2017-06-24 22:57:40,CLOSE,2528.73
0,2017-06-24 22:58:01,BUY,2526.2
0,2017-06-24 22:58:21,CLOSE,2528.65
0,2017-06-24 23:01:24,SELL,2534.03
0,2017-06-24 23:04:03,CLOSE,2533.29
0,2017-06-24 23:07:44,BUY,2526.2
0,2017-06-24 23:12:39,CLOSE,2515.0
0,2017-06-24 23:12:41,SELL,2514.99
0,2017-06-24 23:14:28,CLOSE,2518.08
0,2017-06-24 23:17:42,SELL,2522.78
0,2017-06-24 23:21:54,CLOSE,2524.35
0,2017-06-24 23:29:09,SELL,2537.27
0,2017-06-24 23:30:17,CLOSE,2531.45
0,2017-06-24 23:36:05,BUY,2535.15
0,2017-06-24 23:37:39,CLOSE,2536.11
0,2017-06-24 23:39:56,SELL,2536.99
0,2017-06-24 23:48:05,CLOSE,2539.01
0,2017-06-24 23:51:21,SELL,2540.29
0,2017-06-24 23:51:57,CLOSE,2539.08
0,2017-06-24 23:52:51,SELL,2540.31
0,2017-06-24 23:53:15,CLOSE,2539.31
0,2017-06-24 23:54:00,SELL,2540.98
0,2017-06-25 00:01:26,CLOSE,2545.56
0,2017-06-25 00:01:43,BUY,2539.89
0,2017-06-25 00:05:46,CLOSE,2543.0
0,2017-06-25 00:05:52,BUY,2539.83
0,2017-06-25 00:06:15,CLOSE,2543.05
0,2017-06-25 00:07:16,SELL,2544.29
0,2017-06-25 00:09:13,CLOSE,2543.36
0,2017-06-25 00:11:35,BUY,2543.03
0,2017-06-25 00:39:47,CLOSE,2525.0
0,2017-06-25 00:40:02,SELL,2525.46
0,2017-06-25 00:54:04,CLOSE,2538.64
0,2017-06-25 00:54:54,SELL,2544.54
0,2017-06-25 00:54:57,CLOSE,2538.69
0,2017-06-25 00:55:25,SELL,2543.39
0,2017-06-25 00:58:43,CLOSE,2539.62
0,2017-06-25 01:01:40,SELL,2544.71
0,2017-06-25 01:03:00,CLOSE,2542.68
0,2017-06-25 01:04:50,SELL,2547.17
0,2017-06-25 01:05:57,CLOSE,2544.71
0,2017-06-25 01:09:28,SELL,2548.88
0,2017-06-25 01:11:16,CLOSE,2547.52
0,2017-06-25 01:14:11,SELL,2548.66
0,2017-06-25 01:33:17,CLOSE,2555.53
0,2017-06-25 01:33:18,BUY,2554.16
0,2017-06-25 01:37:38,CLOSE,2557.29
0,2017-06-25 01:38:45,SELL,2558.07
0,2017-06-25 01:39:52,CLOSE,2556.19
0,2017-06-25 01:40:42,SELL,2561.68
0,2017-06-25 01:46:38,CLOSE,2567.0
0,2017-06-25 01:47:30,BUY,2565.28
0,2017-06-25 01:49:44,CLOSE,2565.39
0,2017-06-25 01:50:08,SELL,2565.44
0,2017-06-25 02:25:09,CLOSE,2578.01
0,2017-06-25 02:25:56,BUY,2578.0
0,2017-06-25 02:28:42,CLOSE,2578.01
0,2017-06-25 02:29:22,BUY,2575.02
0,2017-06-25 02:32:20,CLOSE,2574.99
0,2017-06-25 02:38:03,SELL,2576.11
0,2017-06-25 02:54:31,CLOSE,2581.04
0,2017-06-25 02:54:32,BUY,2580.55
0,2017-06-25 03:03:00,CLOSE,2581.81
0,2017-06-25 03:03:01,SELL,2581.82
0,2017-06-25 03:07:57,CLOSE,2583.27
0,2017-06-25 03:08:32,BUY,2581.24
0,2017-06-25 03:12:41,CLOSE,2583.07
0,2017-06-25 03:12:55,SELL,2585.13
0,2017-06-25 03:18:43,CLOSE,2584.66
0,2017-06-25 03:18:50,BUY,2582.7
0,2017-06-25 03:20:50,CLOSE,2581.71
0,2017-06-25 03:22:31,SELL,2583.0
0,2017-06-25 03:47:35,CLOSE,2585.76
0,2017-06-25 03:47:44,BUY,2585.17
0,2017-06-25 03:58:11,CLOSE,2585.71
0,2017-06-25 04:00:18,BUY,2584.44
0,2017-06-25 04:18:24,CLOSE,2576.15
0,2017-06-25 04:19:06,SELL,2575.79
0,2017-06-25 04:27:46,CLOSE,2577.86
0,2017-06-25 04:32:12,BUY,2577.38
0,2017-06-25 04:37:57,CLOSE,2577.64
0,2017-06-25 04:40:33,SELL,2578.87
0,2017-06-25 04:49:54,CLOSE,2577.52
0,2017-06-25 04:56:07,BUY,2575.88
0,2017-06-25 05:04:47,CLOSE,2575.98
0,2017-06-25 05:06:41,BUY,2571.0
0,2017-06-25 05:15:46,CLOSE,2570.22
0,2017-06-25 05:15:58,SELL,2576.19
0,2017-06-25 05:21:04,CLOSE,2577.04
0,2017-06-25 05:27:23,SELL,2579.28
0,2017-06-25 05:38:39,CLOSE,2582.78
0,2017-06-25 05:39:19,SELL,2583.79
0,2017-06-25 05:41:50,CLOSE,2582.83
0,2017-06-25 05:52:20,SELL,2585.99
0,2017-06-25 06:02:46,CLOSE,2597.25
0,2017-06-25 06:03:36,BUY,2596.47
0,2017-06-25 06:05:59,CLOSE,2597.51
0,2017-06-25 06:06:29,SELL,2598.0
0,2017-06-25 06:19:45,CLOSE,2597.97
0,2017-06-25 06:19:48,BUY,2597.68
0,2017-06-25 06:30:05,CLOSE,2594.0
0,2017-06-25 06:31:26,SELL,2595.0
0,2017-06-25 06:57:14,CLOSE,2606.23
0,2017-06-25 07:00:37,BUY,2605.2
0,2017-06-25 07:06:22,CLOSE,2601.97
0,2017-06-25 07:07:10,SELL,2602.83
0,2017-06-25 07:11:36,CLOSE,2600.0
0,2017-06-25 07:12:05,BUY,2599.42
0,2017-06-25 07:22:04,CLOSE,2597.58
0,2017-06-25 07:24:37,SELL,2598.58
0,2017-06-25 07:37:30,CLOSE,2601.25
0,2017-06-25 07:37:36,BUY,2601.24
0,2017-06-25 07:42:11,CLOSE,2590.29
0,2017-06-25 07:42:27,SELL,2590.1
0,2017-06-25 07:45:15,CLOSE,2586.74
0,2017-06-25 07:45:19,BUY,2584.14
0,2017-06-25 07:54:11,CLOSE,2586.16
0,2017-06-25 07:56:15,SELL,2590.76
0,2017-06-25 08:02:27,CLOSE,2595.57
0,2017-06-25 08:03:39,SELL,2598.07
0,2017-06-25 08:04:01,CLOSE,2594.28
0,2017-06-25 08:04:29,BUY,2592.79
0,2017-06-25 08:08:55,CLOSE,2596.22
0,2017-06-25 08:14:36,BUY,2592.03
0,2017-06-25 08:15:23,CLOSE,2595.79
0,2017-06-25 08:15:29,SELL,2595.73
0,2017-06-25 08:22:53,CLOSE,2595.7
0,2017-06-25 08:23:16,SELL,2597.21
0,2017-06-25 08:25:52,CLOSE,2596.34
0,2017-06-25 08:27:27,BUY,2594.31
0,2017-06-25 08:33:11,CLOSE,2595.72
0,2017-06-25 08:33:39,SELL,2596.82
0,2017-06-25 08:56:10,CLOSE,2622.03
0,2017-06-25 08:57:13,SELL,2625.0
0,2017-06-25 08:58:13,CLOSE,2621.92
0,2017-06-25 08:58:14,BUY,2621.94
0,2017-06-25 09:04:44,CLOSE,2618.29
0,2017-06-25 09:05:17,SELL,2621.21
0,2017-06-25 09:06:29,CLOSE,2618.67
0,2017-06-25 09:06:34,BUY,2617.22
0,2017-06-25 09:06:50,CLOSE,2621.45
0,2017-06-25 09:12:23,SELL,2620.18
0,2017-06-25 09:21:10,CLOSE,2621.31
0,2017-06-25 09:23:42,BUY,2619.0
0,2017-06-25 09:24:23,CLOSE,2621.15
0,2017-06-25 09:25:14,BUY,2617.71
0,2017-06-25 09:26:42,CLOSE,2621.04
0,2017-06-25 09:31:42,SELL,2622.75
0,2017-06-25 09:32:14,CLOSE,2620.26
0,2017-06-25 09:34:20,BUY,2619.07
0,2017-06-25 09:34:51,CLOSE,2623.24
0,2017-06-25 09:41:52,BUY,2618.29
0,2017-06-25 09:43:13,CLOSE,2621.19
0,2017-06-25 09:43:44,SELL,2621.44
0,2017-06-25 09:47:23,CLOSE,2618.45
0,2017-06-25 09:47:33,BUY,2618.27
0,2017-06-25 09:56:14,CLOSE,2609.58
0,2017-06-25 10:03:44,SELL,2610.1
0,2017-06-25 10:04:19,CLOSE,2607.1
0,2017-06-25 10:04:21,BUY,2607.29
0,2017-06-25 10:05:11,CLOSE,2610.34
0,2017-06-25 10:07:16,BUY,2606.5
0,2017-06-25 10:12:30,CLOSE,2607.3
0,2017-06-25 10:18:45,BUY,2602.15
0,2017-06-25 10:28:28,CLOSE,2606.0
0,2017-06-25 10:28:53,BUY,2600.0
0,2017-06-25 10:36:21,CLOSE,2605.96
0,2017-06-25 10:53:28,BUY,2605.72
0,2017-06-25 11:01:17,CLOSE,2606.0
0,2017-06-25 11:05:02,SELL,2606.61
0,2017-06-25 11:08:21,CLOSE,2605.94
0,2017-06-25 11:08:25,BUY,2602.04
0,2017-06-25 11:12:18,CLOSE,2606.35
0,2017-06-25 11:19:47,BUY,2600.0
0,2017-06-25 11:24:17,CLOSE,2601.04
0,2017-06-25 11:24:40,SELL,2601.05
0,2017-06-25 11:29:03,CLOSE,2600.23
0,2017-06-25 11:37:19,BUY,2598.37
0,2017-06-25 11:43:43,CLOSE,2580.79
0,2017-06-25 11:45:14,SELL,2581.75
0,2017-06-25 11:50:13,CLOSE,2585.69
0,2017-06-25 11:50:53,BUY,2582.74
0,2017-06-25 11:53:05,CLOSE,2585.47
0,2017-06-25 11:53:32,SELL,2586.15
0,2017-06-25 11:55:06,CLOSE,2581.91
0,2017-06-25 11:58:32,BUY,2581.34
0,2017-06-25 11:59:58,CLOSE,2582.99
0,2017-06-25 12:01:08,BUY,2581.34
0,2017-06-25 12:09:34,CLOSE,2560.76
0,2017-06-25 12:11:23,SELL,2563.25
0,2017-06-25 12:12:27,CLOSE,2556.97
0,2017-06-25 12:12:28,BUY,2556.95
0,2017-06-25 12:13:59,CLOSE,2560.28
0,2017-06-25 12:16:28,BUY,2552.81
0,2017-06-25 12:17:33,CLOSE,2557.64
0,2017-06-25 12:20:45,SELL,2559.19
0,2017-06-25 12:23:26,CLOSE,2557.21
0,2017-06-25 12:23:27,BUY,2557.25
0,2017-06-25 12:27:02,CLOSE,2557.84
0,2017-06-25 12:27:48,SELL,2558.95
0,2017-06-25 12:40:41,CLOSE,2570.65
0,2017-06-25 12:41:12,BUY,2569.0
0,2017-06-25 12:46:53,CLOSE,2569.29
0,2017-06-25 12:49:33,SELL,2569.46
0,2017-06-25 12:51:40,CLOSE,2569.01
0,2017-06-25 12:52:10,BUY,2562.91
0,2017-06-25 12:55:56,CLOSE,2562.7
0,2017-06-25 12:55:57,BUY,2559.73
0,2017-06-25 12:56:00,CLOSE,2562.66
0,2017-06-25 12:56:28,BUY,2559.72
0,2017-06-25 12:58:32,CLOSE,2562.39
0,2017-06-25 13:03:34,SELL,2561.2
0,2017-06-25 13:07:39,CLOSE,2566.88
0,2017-06-25 13:08:00,BUY,2565.47
0,2017-06-25 13:11:00,CLOSE,2569.11
0,2017-06-25 13:12:58,SELL,2569.67
0,2017-06-25 13:13:25,CLOSE,2566.92
0,2017-06-25 13:13:59,BUY,2566.02
0,2017-06-25 13:17:21,CLOSE,2566.11
0,2017-06-25 13:17:50,SELL,2567.66
0,2017-06-25 13:21:45,CLOSE,2573.0
0,2017-06-25 13:24:46,BUY,2573.11
0,2017-06-25 13:28:49,CLOSE,2578.02
0,2017-06-25 13:28:50,SELL,2578.8
0,2017-06-25 13:29:57,CLOSE,2575.68
0,2017-06-25 13:30:42,BUY,2574.15
0,2017-06-25 13:31:00,CLOSE,2578.77
0,2017-06-25 13:36:51,BUY,2575.0
0,2017-06-25 13:39:33,CLOSE,2576.38
0,2017-06-25 13:40:21,SELL,2577.94
0,2017-06-25 13:43:30,CLOSE,2575.11
0,2017-06-25 13:46:08,SELL,2580.62
0,2017-06-25 13:50:17,CLOSE,2575.8
0,2017-06-25 13:52:23,BUY,2575.45
0,2017-06-25 13:53:56,CLOSE,2580.66
0,2017-06-25 13:57:04,BUY,2576.0
0,2017-06-25 13:59:39,CLOSE,2579.28
0,2017-06-25 14:00:43,BUY,2576.0
0,2017-06-25 14:05:33,CLOSE,2573.6
0,2017-06-25 14:05:52,BUY,2570.0
0,2017-06-25 14:05:56,CLOSE,2573.05
0,2017-06-25 14:10:40,SELL,2572.04
0,2017-06-25 14:25:49,CLOSE,2580.01
0,2017-06-25 14:29:58,BUY,2575.0
0,2017-06-25 14:32:47,CLOSE,2580.06
0,2017-06-25 14:38:19,SELL,2582.01
0,2017-06-25 14:39:12,CLOSE,2578.87
0,2017-06-25 14:47:18,SELL,2583.19
0,2017-06-25 14:51:03,CLOSE,2591.0
0,2017-06-25 14:51:36,BUY,2590.48
0,2017-06-25 15:00:20,CLOSE,2587.67
0,2017-06-25 15:00:41,BUY,2586.51
0,2017-06-25 15:02:55,CLOSE,2589.0
0,2017-06-25 15:05:01,BUY,2582.14
0,2017-06-25 15:07:55,CLOSE,2580.75
0,2017-06-25 15:08:35,BUY,2578.99
0,2017-06-25 15:27:57,CLOSE,2562.49
0,2017-06-25 15:28:00,BUY,2562.17
0,2017-06-25 15:30:20,CLOSE,2561.94
0,2017-06-25 15:30:36,BUY,2559.82
0,2017-06-25 15:40:53,CLOSE,2527.98
0,2017-06-25 15:40:55,SELL,2528.87
0,2017-06-25 15:41:58,CLOSE,2526.0
0,2017-06-25 15:42:14,BUY,2526.01
0,2017-06-25 15:42:38,CLOSE,2528.04
0,2017-06-25 15:42:39,SELL,2528.06
0,2017-06-25 15:44:44,CLOSE,2535.04
0,2017-06-25 15:45:02,BUY,2531.35
0,2017-06-25 15:45:45,CLOSE,2534.86
0,2017-06-25 15:48:12,SELL,2535.95
0,2017-06-25 15:51:35,CLOSE,2534.1
0,2017-06-25 15:51:45,BUY,2530.46
0,2017-06-25 15:52:48,CLOSE,2533.05
0,2017-06-25 15:52:56,SELL,2532.81
0,2017-06-25 15:55:15,CLOSE,2529.02
0,2017-06-25 15:56:39,BUY,2525.21
0,2017-06-25 15:59:45,CLOSE,2521.74
0,2017-06-25 15:59:54,SELL,2524.62
0,2017-06-25 16:05:14,CLOSE,2519.98
0,2017-06-25 16:05:27,BUY,2518.2
0,2017-06-25 16:06:33,CLOSE,2523.79
0,2017-06-25 16:09:02,BUY,2514.81
0,2017-06-25 16:12:08,CLOSE,2505.75
0,2017-06-25 16:12:46,SELL,2509.83
0,2017-06-25 16:19:02,CLOSE,2516.7
0,2017-06-25 16:19:45,BUY,2515.2
0,2017-06-25 16:20:46,CLOSE,2520.94
0,2017-06-25 16:23:04,SELL,2518.47
0,2017-06-25 16:24:06,CLOSE,2515.95
0,2017-06-25 16:25:49,BUY,2511.0
0,2017-06-25 16:32:24,CLOSE,2514.98
0,2017-06-25 16:32:36,BUY,2512.98
0,2017-06-25 16:32:50,CLOSE,2514.99
0,2017-06-25 16:35:36,BUY,2510.06
0,2017-06-25 16:47:24,CLOSE,2483.87
0,2017-06-25 16:47:31,SELL,2483.63
0,2017-06-25 16:48:01,CLOSE,2481.21
0,2017-06-25 16:49:51,BUY,2480.87
0,2017-06-25 17:05:01,CLOSE,2471.17
0,2017-06-25 17:05:05,SELL,2471.17
0,2017-06-25 17:39:35,CLOSE,2511.03
0,2017-06-25 17:40:06,BUY,2509.45
0,2017-06-25 17:42:20,CLOSE,2510.38
0,2017-06-25 17:44:43,BUY,2501.07
0,2017-06-25 17:46:31,CLOSE,2500.0
0,2017-06-25 17:48:02,BUY,2494.99
0,2017-06-25 17:49:36,CLOSE,2498.38
0,2017-06-25 17:51:26,SELL,2501.93
0,2017-06-25 17:52:29,CLOSE,2492.18
0,2017-06-25 17:56:31,BUY,2492.87
0,2017-06-25 18:04:15,CLOSE,2454.5
0,2017-06-25 18:04:26,SELL,2456.99
0,2017-06-25 18:07:05,CLOSE,2452.0
0,2017-06-25 18:08:32,BUY,2450.74
0,2017-06-25 18:11:34,CLOSE,2450.07
0,2017-06-25 18:11:56,SELL,2452.37
0,2017-06-25 18:14:35,CLOSE,2461.01
0,2017-06-25 18:22:31,BUY,2457.77
0,2017-06-25 18:29:51,CLOSE,2431.04
0,2017-06-25 18:29:59,SELL,2436.06
0,2017-06-25 18:36:12,CLOSE,2476.94
0,2017-06-25 18:36:13,BUY,2476.95
0,2017-06-25 18:43:44,CLOSE,2465.21
0,2017-06-25 18:43:46,SELL,2467.5
0,2017-06-25 18:46:17,CLOSE,2463.0
0,2017-06-25 18:48:14,BUY,2460.0
0,2017-06-25 18:49:26,CLOSE,2468.31
0,2017-06-25 18:52:04,SELL,2467.91
0,2017-06-25 18:55:42,CLOSE,2465.0
0,2017-06-25 18:59:25,SELL,2478.82
0,2017-06-25 18:59:27,CLOSE,2464.0
0,2017-06-25 19:04:39,SELL,2474.37
0,2017-06-25 19:11:04,CLOSE,2453.43
0,2017-06-25 19:11:08,BUY,2460.12
0,2017-06-25 19:27:00,CLOSE,2448.01
0,2017-06-25 19:27:04,SELL,2448.01
0,2017-06-25 19:43:20,CLOSE,2484.89
0,2017-06-25 19:43:32,BUY,2479.98
0,2017-06-25 19:54:05,CLOSE,2470.4
0,2017-06-25 19:54:11,SELL,2471.96
0,2017-06-25 20:04:20,CLOSE,2482.02
0,2017-06-25 20:07:26,BUY,2475.01
0,2017-06-25 20:12:07,CLOSE,2475.63
0,2017-06-25 20:12:18,SELL,2479.52
0,2017-06-25 20:20:23,CLOSE,2479.99
0,2017-06-25 20:25:41,SELL,2487.31
0,2017-06-25 20:37:43,CLOSE,2500.0
0,2017-06-25 20:38:39,BUY,2500.27
0,2017-06-25 20:39:48,CLOSE,2508.0
0,2017-06-25 20:45:03,SELL,2508.0
0,2017-06-25 20:45:12,CLOSE,2504.9
0,2017-06-25 20:48:07,BUY,2506.28
0,2017-06-25 20:48:14,CLOSE,2509.99
0,2017-06-25 20:48:26,SELL,2509.95
0,2017-06-25 20:49:48,CLOSE,2506.47
0,2017-06-25 20:51:55,BUY,2503.8
0,2017-06-25 20:58:59,CLOSE,2502.45
0,2017-06-25 20:59:00,SELL,2503.93
